2025-09-04 02:38:09 [] [] INFO  com.womensafety.authservice.AuthServiceApplication - Starting AuthServiceApplication v0.0.1-SNAPSHOT using Java 17.0.2 with PID 1 (/app/app.jar started by root in /app)
2025-09-04 02:38:09 [] [] INFO  com.womensafety.authservice.AuthServiceApplication - The following 1 profile is active: "docker"
2025-09-04 02:38:12 [] [] INFO  org.springframework.data.repository.config.RepositoryConfigurationDelegate - Bootstrapping Spring Data JPA repositories in DEFAULT mode.
2025-09-04 02:38:13 [] [] INFO  org.springframework.data.repository.config.RepositoryConfigurationDelegate - Finished Spring Data repository scanning in 118 ms. Found 4 JPA repository interfaces.
2025-09-04 02:38:14 [] [] INFO  org.springframework.boot.web.embedded.tomcat.TomcatWebServer - Tomcat initialized with port 8081 (http)
2025-09-04 02:38:14 [] [] INFO  org.apache.catalina.core.StandardService - Starting service [Tomcat]
2025-09-04 02:38:14 [] [] INFO  org.apache.catalina.core.StandardEngine - Starting Servlet engine: [Apache Tomcat/10.1.43]
2025-09-04 02:38:14 [] [] INFO  org.apache.catalina.core.ContainerBase.[Tomcat].[localhost].[/] - Initializing Spring embedded WebApplicationContext
2025-09-04 02:38:14 [] [] INFO  org.springframework.boot.web.servlet.context.ServletWebServerApplicationContext - Root WebApplicationContext: initialization completed in 4409 ms
2025-09-04 02:38:15 [] [] INFO  com.zaxxer.hikari.HikariDataSource - HikariPool-1 - Starting...
2025-09-04 02:38:15 [] [] INFO  com.zaxxer.hikari.pool.HikariPool - HikariPool-1 - Added connection com.mysql.cj.jdbc.ConnectionImpl@44eb2452
2025-09-04 02:38:15 [] [] INFO  com.zaxxer.hikari.HikariDataSource - HikariPool-1 - Start completed.
2025-09-04 02:38:16 [] [] INFO  org.flywaydb.core.FlywayExecutor - Database: jdbc:mysql://mysql-db:3306/womendb?useSSL=false&allowPublicKeyRetrieval=true (MySQL 8.0)
2025-09-04 02:38:16 [] [] INFO  org.flywaydb.core.internal.schemahistory.JdbcTableSchemaHistory - Schema history table `womendb`.`flyway_schema_history` does not exist yet
2025-09-04 02:38:16 [] [] INFO  org.flywaydb.core.internal.command.DbValidate - Successfully validated 1 migration (execution time 00:00.060s)
2025-09-04 02:38:16 [] [] INFO  org.flywaydb.core.Flyway - All configured schemas are empty; baseline operation skipped. A baseline or migration script with a lower version than the baseline version may execute if available. Check the Schemas parameter if this is not intended.
2025-09-04 02:38:16 [] [] INFO  org.flywaydb.core.internal.schemahistory.JdbcTableSchemaHistory - Creating Schema History table `womendb`.`flyway_schema_history` ...
2025-09-04 02:38:16 [] [] INFO  org.flywaydb.core.internal.command.DbMigrate - Current version of schema `womendb`: << Empty Schema >>
2025-09-04 02:38:16 [] [] INFO  org.flywaydb.core.internal.command.DbMigrate - Migrating schema `womendb` to version "1 - create outbox and otp"
2025-09-04 02:38:17 [] [] INFO  org.flywaydb.core.internal.command.DbMigrate - Successfully applied 1 migration to schema `womendb`, now at version v1 (execution time 00:00.242s)
2025-09-04 02:38:17 [] [] INFO  org.hibernate.jpa.internal.util.LogHelper - HHH000204: Processing PersistenceUnitInfo [name: default]
2025-09-04 02:38:17 [] [] INFO  org.hibernate.Version - HHH000412: Hibernate ORM core version 6.6.22.Final
2025-09-04 02:38:17 [] [] INFO  org.hibernate.cache.internal.RegionFactoryInitiator - HHH000026: Second-level cache disabled
2025-09-04 02:38:18 [] [] INFO  org.springframework.orm.jpa.persistenceunit.SpringPersistenceUnitInfo - No LoadTimeWeaver setup: ignoring JPA class transformer
2025-09-04 02:38:18 [] [] WARN  org.hibernate.orm.deprecation - HHH90000025: MySQL8Dialect does not need to be specified explicitly using 'hibernate.dialect' (remove the property setting and it will be selected by default)
2025-09-04 02:38:18 [] [] WARN  org.hibernate.orm.deprecation - HHH90000026: MySQL8Dialect has been deprecated; use org.hibernate.dialect.MySQLDialect instead
2025-09-04 02:38:18 [] [] INFO  org.hibernate.orm.connections.pooling - HHH10001005: Database info:
	Database JDBC URL [Connecting through datasource 'HikariDataSource (HikariPool-1)']
	Database driver: undefined/unknown
	Database version: 8.0
	Autocommit mode: undefined/unknown
	Isolation level: undefined/unknown
	Minimum pool size: undefined/unknown
	Maximum pool size: undefined/unknown
2025-09-04 02:38:20 [] [] INFO  org.hibernate.engine.transaction.jta.platform.internal.JtaPlatformInitiator - HHH000489: No JTA platform available (set 'hibernate.transaction.jta.platform' to enable JTA platform integration)
2025-09-04 02:38:21 [] [] INFO  org.springframework.orm.jpa.LocalContainerEntityManagerFactoryBean - Initialized JPA EntityManagerFactory for persistence unit 'default'
2025-09-04 02:38:22 [] [] INFO  com.womensafety.authservice.controller.AuthController - LOGGING from @PostConstruct - auth-service started
2025-09-04 02:38:22 [] [] WARN  org.springframework.boot.web.servlet.context.AnnotationConfigServletWebServerApplicationContext - Exception encountered during context initialization - cancelling refresh attempt: org.springframework.beans.factory.UnsatisfiedDependencyException: Error creating bean with name 'testKafkaController' defined in URL [jar:nested:/app/app.jar/!BOOT-INF/classes/!/com/womensafety/authservice/kafka/TestKafkaController.class]: Unsatisfied dependency expressed through constructor parameter 0: Error creating bean with name 'verificationPublisher' defined in URL [jar:nested:/app/app.jar/!BOOT-INF/classes/!/com/womensafety/authservice/kafka/VerificationPublisher.class]: Unsatisfied dependency expressed through constructor parameter 0: No qualifying bean of type 'org.springframework.kafka.core.KafkaTemplate<java.lang.String, java.lang.String>' available: expected at least 1 bean which qualifies as autowire candidate. Dependency annotations: {}
2025-09-04 02:38:22 [] [] INFO  org.springframework.orm.jpa.LocalContainerEntityManagerFactoryBean - Closing JPA EntityManagerFactory for persistence unit 'default'
2025-09-04 02:38:22 [] [] INFO  com.zaxxer.hikari.HikariDataSource - HikariPool-1 - Shutdown initiated...
2025-09-04 02:38:22 [] [] INFO  com.zaxxer.hikari.HikariDataSource - HikariPool-1 - Shutdown completed.
2025-09-04 02:38:22 [] [] INFO  org.apache.catalina.core.StandardService - Stopping service [Tomcat]
2025-09-04 02:38:22 [] [] INFO  org.springframework.boot.autoconfigure.logging.ConditionEvaluationReportLogger - 

Error starting ApplicationContext. To display the condition evaluation report re-run your application with 'debug' enabled.
2025-09-04 02:38:22 [] [] ERROR org.springframework.boot.diagnostics.LoggingFailureAnalysisReporter - 

***************************
APPLICATION FAILED TO START
***************************

Description:

Parameter 0 of constructor in com.womensafety.authservice.kafka.VerificationPublisher required a bean of type 'org.springframework.kafka.core.KafkaTemplate' that could not be found.


Action:

Consider defining a bean of type 'org.springframework.kafka.core.KafkaTemplate' in your configuration.

2025-09-04 02:45:59 [] [] INFO  com.womensafety.authservice.AuthServiceApplication - Starting AuthServiceApplication v0.0.1-SNAPSHOT using Java 17.0.2 with PID 1 (/app/app.jar started by root in /app)
2025-09-04 02:45:59 [] [] INFO  com.womensafety.authservice.AuthServiceApplication - The following 1 profile is active: "docker"
2025-09-04 02:46:02 [] [] INFO  org.springframework.data.repository.config.RepositoryConfigurationDelegate - Bootstrapping Spring Data JPA repositories in DEFAULT mode.
2025-09-04 02:46:02 [] [] INFO  org.springframework.data.repository.config.RepositoryConfigurationDelegate - Finished Spring Data repository scanning in 102 ms. Found 4 JPA repository interfaces.
2025-09-04 02:46:03 [] [] INFO  org.springframework.boot.web.embedded.tomcat.TomcatWebServer - Tomcat initialized with port 8081 (http)
2025-09-04 02:46:03 [] [] INFO  org.apache.catalina.core.StandardService - Starting service [Tomcat]
2025-09-04 02:46:03 [] [] INFO  org.apache.catalina.core.StandardEngine - Starting Servlet engine: [Apache Tomcat/10.1.43]
2025-09-04 02:46:03 [] [] INFO  org.apache.catalina.core.ContainerBase.[Tomcat].[localhost].[/] - Initializing Spring embedded WebApplicationContext
2025-09-04 02:46:03 [] [] INFO  org.springframework.boot.web.servlet.context.ServletWebServerApplicationContext - Root WebApplicationContext: initialization completed in 3705 ms
2025-09-04 02:46:04 [] [] INFO  com.zaxxer.hikari.HikariDataSource - HikariPool-1 - Starting...
2025-09-04 02:46:04 [] [] INFO  com.zaxxer.hikari.pool.HikariPool - HikariPool-1 - Added connection com.mysql.cj.jdbc.ConnectionImpl@43786627
2025-09-04 02:46:04 [] [] INFO  com.zaxxer.hikari.HikariDataSource - HikariPool-1 - Start completed.
2025-09-04 02:46:04 [] [] INFO  org.flywaydb.core.FlywayExecutor - Database: jdbc:mysql://mysql-db:3306/womendb?useSSL=false&allowPublicKeyRetrieval=true (MySQL 8.0)
2025-09-04 02:46:05 [] [] INFO  org.flywaydb.core.internal.command.DbValidate - Successfully validated 1 migration (execution time 00:00.056s)
2025-09-04 02:46:05 [] [] INFO  org.flywaydb.core.internal.command.DbMigrate - Current version of schema `womendb`: 1
2025-09-04 02:46:05 [] [] INFO  org.flywaydb.core.internal.command.DbMigrate - Schema `womendb` is up to date. No migration necessary.
2025-09-04 02:46:05 [] [] INFO  org.hibernate.jpa.internal.util.LogHelper - HHH000204: Processing PersistenceUnitInfo [name: default]
2025-09-04 02:46:05 [] [] INFO  org.hibernate.Version - HHH000412: Hibernate ORM core version 6.6.22.Final
2025-09-04 02:46:05 [] [] INFO  org.hibernate.cache.internal.RegionFactoryInitiator - HHH000026: Second-level cache disabled
2025-09-04 02:46:06 [] [] INFO  org.springframework.orm.jpa.persistenceunit.SpringPersistenceUnitInfo - No LoadTimeWeaver setup: ignoring JPA class transformer
2025-09-04 02:46:06 [] [] WARN  org.hibernate.orm.deprecation - HHH90000025: MySQL8Dialect does not need to be specified explicitly using 'hibernate.dialect' (remove the property setting and it will be selected by default)
2025-09-04 02:46:06 [] [] WARN  org.hibernate.orm.deprecation - HHH90000026: MySQL8Dialect has been deprecated; use org.hibernate.dialect.MySQLDialect instead
2025-09-04 02:46:06 [] [] INFO  org.hibernate.orm.connections.pooling - HHH10001005: Database info:
	Database JDBC URL [Connecting through datasource 'HikariDataSource (HikariPool-1)']
	Database driver: undefined/unknown
	Database version: 8.0
	Autocommit mode: undefined/unknown
	Isolation level: undefined/unknown
	Minimum pool size: undefined/unknown
	Maximum pool size: undefined/unknown
2025-09-04 02:46:08 [] [] INFO  org.hibernate.engine.transaction.jta.platform.internal.JtaPlatformInitiator - HHH000489: No JTA platform available (set 'hibernate.transaction.jta.platform' to enable JTA platform integration)
2025-09-04 02:46:08 [] [] INFO  org.springframework.orm.jpa.LocalContainerEntityManagerFactoryBean - Initialized JPA EntityManagerFactory for persistence unit 'default'
2025-09-04 02:46:09 [] [] INFO  com.womensafety.authservice.controller.AuthController - LOGGING from @PostConstruct - auth-service started
2025-09-04 02:46:09 [] [] WARN  org.springframework.boot.web.servlet.context.AnnotationConfigServletWebServerApplicationContext - Exception encountered during context initialization - cancelling refresh attempt: org.springframework.beans.factory.UnsatisfiedDependencyException: Error creating bean with name 'testKafkaController' defined in URL [jar:nested:/app/app.jar/!BOOT-INF/classes/!/com/womensafety/authservice/kafka/TestKafkaController.class]: Unsatisfied dependency expressed through constructor parameter 0: Error creating bean with name 'verificationPublisher' defined in URL [jar:nested:/app/app.jar/!BOOT-INF/classes/!/com/womensafety/authservice/kafka/VerificationPublisher.class]: Unsatisfied dependency expressed through constructor parameter 0: No qualifying bean of type 'org.springframework.kafka.core.KafkaTemplate<java.lang.String, java.lang.String>' available: expected at least 1 bean which qualifies as autowire candidate. Dependency annotations: {}
2025-09-04 02:46:09 [] [] INFO  org.springframework.orm.jpa.LocalContainerEntityManagerFactoryBean - Closing JPA EntityManagerFactory for persistence unit 'default'
2025-09-04 02:46:09 [] [] INFO  com.zaxxer.hikari.HikariDataSource - HikariPool-1 - Shutdown initiated...
2025-09-04 02:46:09 [] [] INFO  com.zaxxer.hikari.HikariDataSource - HikariPool-1 - Shutdown completed.
2025-09-04 02:46:09 [] [] INFO  org.apache.catalina.core.StandardService - Stopping service [Tomcat]
2025-09-04 02:46:09 [] [] INFO  org.springframework.boot.autoconfigure.logging.ConditionEvaluationReportLogger - 

Error starting ApplicationContext. To display the condition evaluation report re-run your application with 'debug' enabled.
2025-09-04 02:46:09 [] [] ERROR org.springframework.boot.diagnostics.LoggingFailureAnalysisReporter - 

***************************
APPLICATION FAILED TO START
***************************

Description:

Parameter 0 of constructor in com.womensafety.authservice.kafka.VerificationPublisher required a bean of type 'org.springframework.kafka.core.KafkaTemplate' that could not be found.


Action:

Consider defining a bean of type 'org.springframework.kafka.core.KafkaTemplate' in your configuration.

2025-09-04 02:46:56 [] [] INFO  com.womensafety.authservice.AuthServiceApplication - Starting AuthServiceApplication v0.0.1-SNAPSHOT using Java 17.0.2 with PID 1 (/app/app.jar started by root in /app)
2025-09-04 02:46:56 [] [] INFO  com.womensafety.authservice.AuthServiceApplication - The following 1 profile is active: "docker"
2025-09-04 02:46:59 [] [] INFO  org.springframework.data.repository.config.RepositoryConfigurationDelegate - Bootstrapping Spring Data JPA repositories in DEFAULT mode.
2025-09-04 02:46:59 [] [] INFO  org.springframework.data.repository.config.RepositoryConfigurationDelegate - Finished Spring Data repository scanning in 144 ms. Found 4 JPA repository interfaces.
2025-09-04 02:47:00 [] [] INFO  org.springframework.boot.web.embedded.tomcat.TomcatWebServer - Tomcat initialized with port 8081 (http)
2025-09-04 02:47:00 [] [] INFO  org.apache.catalina.core.StandardService - Starting service [Tomcat]
2025-09-04 02:47:00 [] [] INFO  org.apache.catalina.core.StandardEngine - Starting Servlet engine: [Apache Tomcat/10.1.43]
2025-09-04 02:47:00 [] [] INFO  org.apache.catalina.core.ContainerBase.[Tomcat].[localhost].[/] - Initializing Spring embedded WebApplicationContext
2025-09-04 02:47:00 [] [] INFO  org.springframework.boot.web.servlet.context.ServletWebServerApplicationContext - Root WebApplicationContext: initialization completed in 3913 ms
2025-09-04 02:47:01 [] [] INFO  com.zaxxer.hikari.HikariDataSource - HikariPool-1 - Starting...
2025-09-04 02:47:01 [] [] INFO  com.zaxxer.hikari.pool.HikariPool - HikariPool-1 - Added connection com.mysql.cj.jdbc.ConnectionImpl@49d42faf
2025-09-04 02:47:01 [] [] INFO  com.zaxxer.hikari.HikariDataSource - HikariPool-1 - Start completed.
2025-09-04 02:47:01 [] [] INFO  org.flywaydb.core.FlywayExecutor - Database: jdbc:mysql://mysql-db:3306/womendb?useSSL=false&allowPublicKeyRetrieval=true (MySQL 8.0)
2025-09-04 02:47:02 [] [] INFO  org.flywaydb.core.internal.command.DbValidate - Successfully validated 1 migration (execution time 00:00.066s)
2025-09-04 02:47:02 [] [] INFO  org.flywaydb.core.internal.command.DbMigrate - Current version of schema `womendb`: 1
2025-09-04 02:47:02 [] [] INFO  org.flywaydb.core.internal.command.DbMigrate - Schema `womendb` is up to date. No migration necessary.
2025-09-04 02:47:02 [] [] INFO  org.hibernate.jpa.internal.util.LogHelper - HHH000204: Processing PersistenceUnitInfo [name: default]
2025-09-04 02:47:02 [] [] INFO  org.hibernate.Version - HHH000412: Hibernate ORM core version 6.6.22.Final
2025-09-04 02:47:02 [] [] INFO  org.hibernate.cache.internal.RegionFactoryInitiator - HHH000026: Second-level cache disabled
2025-09-04 02:47:03 [] [] INFO  org.springframework.orm.jpa.persistenceunit.SpringPersistenceUnitInfo - No LoadTimeWeaver setup: ignoring JPA class transformer
2025-09-04 02:47:03 [] [] WARN  org.hibernate.orm.deprecation - HHH90000025: MySQL8Dialect does not need to be specified explicitly using 'hibernate.dialect' (remove the property setting and it will be selected by default)
2025-09-04 02:47:03 [] [] WARN  org.hibernate.orm.deprecation - HHH90000026: MySQL8Dialect has been deprecated; use org.hibernate.dialect.MySQLDialect instead
2025-09-04 02:47:03 [] [] INFO  org.hibernate.orm.connections.pooling - HHH10001005: Database info:
	Database JDBC URL [Connecting through datasource 'HikariDataSource (HikariPool-1)']
	Database driver: undefined/unknown
	Database version: 8.0
	Autocommit mode: undefined/unknown
	Isolation level: undefined/unknown
	Minimum pool size: undefined/unknown
	Maximum pool size: undefined/unknown
2025-09-04 02:47:04 [] [] INFO  org.hibernate.engine.transaction.jta.platform.internal.JtaPlatformInitiator - HHH000489: No JTA platform available (set 'hibernate.transaction.jta.platform' to enable JTA platform integration)
2025-09-04 02:47:04 [] [] INFO  org.springframework.orm.jpa.LocalContainerEntityManagerFactoryBean - Initialized JPA EntityManagerFactory for persistence unit 'default'
2025-09-04 02:47:05 [] [] INFO  com.womensafety.authservice.controller.AuthController - LOGGING from @PostConstruct - auth-service started
2025-09-04 02:47:05 [] [] INFO  org.springframework.data.jpa.repository.query.QueryEnhancerFactory - Hibernate is in classpath; If applicable, HQL parser will be used.
2025-09-04 02:47:06 [] [] WARN  org.springframework.boot.autoconfigure.orm.jpa.JpaBaseConfiguration$JpaWebConfiguration - spring.jpa.open-in-view is enabled by default. Therefore, database queries may be performed during view rendering. Explicitly configure spring.jpa.open-in-view to disable this warning
2025-09-04 02:47:06 [] [] INFO  org.springframework.boot.actuate.endpoint.web.EndpointLinksResolver - Exposing 15 endpoints beneath base path '/actuator'
2025-09-04 02:47:06 [] [] INFO  org.springframework.security.config.annotation.authentication.configuration.InitializeUserDetailsBeanManagerConfigurer$InitializeUserDetailsManagerConfigurer - Global AuthenticationManager configured with UserDetailsService bean with name customUserDetailsService
2025-09-04 02:47:07 [] [] INFO  org.springframework.boot.web.embedded.tomcat.TomcatWebServer - Tomcat started on port 8081 (http) with context path '/'
2025-09-04 02:47:07 [] [] INFO  com.womensafety.authservice.AuthServiceApplication - Started AuthServiceApplication in 12.65 seconds (process running for 13.875)
2025-09-04 03:04:44 [] [] INFO  org.apache.catalina.core.ContainerBase.[Tomcat].[localhost].[/] - Initializing Spring DispatcherServlet 'dispatcherServlet'
2025-09-04 03:04:44 [] [] INFO  org.springframework.web.servlet.DispatcherServlet - Initializing Servlet 'dispatcherServlet'
2025-09-04 03:04:44 [] [] INFO  org.springframework.web.servlet.DispatcherServlet - Completed initialization in 7 ms
2025-09-04 03:04:44 [] [] INFO  com.womensafety.authservice.security.JwtFilter - JWT Filter: Incoming request to /api/auth/register
2025-09-04 03:04:44 [] [] INFO  com.womensafety.authservice.security.JwtFilter - JWT Filter completed for /api/auth/register
2025-09-04 03:04:44 [anonymous] [4a39b960-f13c-48f5-9dd9-d0c1b27d0cce] INFO  com.womensafety.authservice.controller.AuthController - POST /api/auth/register called for user: SuganyaS
2025-09-04 03:04:44 [anonymous] [4a39b960-f13c-48f5-9dd9-d0c1b27d0cce] INFO  com.womensafety.authservice.service.AuthService - Validating registration for user: SuganyaS
2025-09-04 03:04:45 [anonymous] [4a39b960-f13c-48f5-9dd9-d0c1b27d0cce] INFO  com.womensafety.authservice.service.AuthService - User 'SuganyaS' registered successfully
2025-09-04 03:04:45 [anonymous] [4a39b960-f13c-48f5-9dd9-d0c1b27d0cce] INFO  org.apache.kafka.clients.producer.ProducerConfig - ProducerConfig values: 
	acks = -1
	auto.include.jmx.reporter = true
	batch.size = 16384
	bootstrap.servers = [redpanda:9092]
	buffer.memory = 33554432
	client.dns.lookup = use_all_dns_ips
	client.id = authservice-producer-1
	compression.gzip.level = -1
	compression.lz4.level = 9
	compression.type = none
	compression.zstd.level = 3
	connections.max.idle.ms = 540000
	delivery.timeout.ms = 120000
	enable.idempotence = true
	enable.metrics.push = true
	interceptor.classes = []
	key.serializer = class org.apache.kafka.common.serialization.StringSerializer
	linger.ms = 5
	max.block.ms = 60000
	max.in.flight.requests.per.connection = 5
	max.request.size = 1048576
	metadata.max.age.ms = 300000
	metadata.max.idle.ms = 300000
	metadata.recovery.strategy = none
	metric.reporters = []
	metrics.num.samples = 2
	metrics.recording.level = INFO
	metrics.sample.window.ms = 30000
	partitioner.adaptive.partitioning.enable = true
	partitioner.availability.timeout.ms = 0
	partitioner.class = null
	partitioner.ignore.keys = false
	receive.buffer.bytes = 32768
	reconnect.backoff.max.ms = 1000
	reconnect.backoff.ms = 50
	request.timeout.ms = 30000
	retries = 10
	retry.backoff.max.ms = 1000
	retry.backoff.ms = 100
	sasl.client.callback.handler.class = null
	sasl.jaas.config = null
	sasl.kerberos.kinit.cmd = /usr/bin/kinit
	sasl.kerberos.min.time.before.relogin = 60000
	sasl.kerberos.service.name = null
	sasl.kerberos.ticket.renew.jitter = 0.05
	sasl.kerberos.ticket.renew.window.factor = 0.8
	sasl.login.callback.handler.class = null
	sasl.login.class = null
	sasl.login.connect.timeout.ms = null
	sasl.login.read.timeout.ms = null
	sasl.login.refresh.buffer.seconds = 300
	sasl.login.refresh.min.period.seconds = 60
	sasl.login.refresh.window.factor = 0.8
	sasl.login.refresh.window.jitter = 0.05
	sasl.login.retry.backoff.max.ms = 10000
	sasl.login.retry.backoff.ms = 100
	sasl.mechanism = GSSAPI
	sasl.oauthbearer.clock.skew.seconds = 30
	sasl.oauthbearer.expected.audience = null
	sasl.oauthbearer.expected.issuer = null
	sasl.oauthbearer.header.urlencode = false
	sasl.oauthbearer.jwks.endpoint.refresh.ms = 3600000
	sasl.oauthbearer.jwks.endpoint.retry.backoff.max.ms = 10000
	sasl.oauthbearer.jwks.endpoint.retry.backoff.ms = 100
	sasl.oauthbearer.jwks.endpoint.url = null
	sasl.oauthbearer.scope.claim.name = scope
	sasl.oauthbearer.sub.claim.name = sub
	sasl.oauthbearer.token.endpoint.url = null
	security.protocol = PLAINTEXT
	security.providers = null
	send.buffer.bytes = 131072
	socket.connection.setup.timeout.max.ms = 30000
	socket.connection.setup.timeout.ms = 10000
	ssl.cipher.suites = null
	ssl.enabled.protocols = [TLSv1.2, TLSv1.3]
	ssl.endpoint.identification.algorithm = https
	ssl.engine.factory.class = null
	ssl.key.password = null
	ssl.keymanager.algorithm = SunX509
	ssl.keystore.certificate.chain = null
	ssl.keystore.key = null
	ssl.keystore.location = null
	ssl.keystore.password = null
	ssl.keystore.type = JKS
	ssl.protocol = TLSv1.3
	ssl.provider = null
	ssl.secure.random.implementation = null
	ssl.trustmanager.algorithm = PKIX
	ssl.truststore.certificates = null
	ssl.truststore.location = null
	ssl.truststore.password = null
	ssl.truststore.type = JKS
	transaction.timeout.ms = 60000
	transactional.id = null
	value.serializer = class org.springframework.kafka.support.serializer.JsonSerializer

2025-09-04 03:04:45 [anonymous] [4a39b960-f13c-48f5-9dd9-d0c1b27d0cce] INFO  org.apache.kafka.common.telemetry.internals.KafkaMetricsCollector - initializing Kafka metrics collector
2025-09-04 03:04:45 [anonymous] [4a39b960-f13c-48f5-9dd9-d0c1b27d0cce] INFO  org.apache.kafka.clients.producer.KafkaProducer - [Producer clientId=authservice-producer-1] Instantiated an idempotent producer.
2025-09-04 03:04:53 [anonymous] [4a39b960-f13c-48f5-9dd9-d0c1b27d0cce] WARN  org.apache.kafka.clients.ClientUtils - Couldn't resolve server redpanda:9092 from bootstrap.servers as DNS resolution failed for redpanda
2025-09-04 03:04:53 [anonymous] [4a39b960-f13c-48f5-9dd9-d0c1b27d0cce] INFO  org.apache.kafka.clients.producer.KafkaProducer - [Producer clientId=authservice-producer-1] Closing the Kafka producer with timeoutMillis = 0 ms.
2025-09-04 03:04:53 [anonymous] [4a39b960-f13c-48f5-9dd9-d0c1b27d0cce] INFO  org.apache.kafka.common.metrics.Metrics - Metrics scheduler closed
2025-09-04 03:04:53 [anonymous] [4a39b960-f13c-48f5-9dd9-d0c1b27d0cce] INFO  org.apache.kafka.common.metrics.Metrics - Closing reporter org.apache.kafka.common.metrics.JmxReporter
2025-09-04 03:04:53 [anonymous] [4a39b960-f13c-48f5-9dd9-d0c1b27d0cce] INFO  org.apache.kafka.common.metrics.Metrics - Closing reporter org.apache.kafka.common.telemetry.internals.ClientTelemetryReporter
2025-09-04 03:04:53 [anonymous] [4a39b960-f13c-48f5-9dd9-d0c1b27d0cce] INFO  org.apache.kafka.common.metrics.Metrics - Metrics reporters closed
2025-09-04 03:04:53 [anonymous] [4a39b960-f13c-48f5-9dd9-d0c1b27d0cce] INFO  org.apache.kafka.common.utils.AppInfoParser - App info kafka.producer for authservice-producer-1 unregistered
2025-09-04 03:04:53 [anonymous] [4a39b960-f13c-48f5-9dd9-d0c1b27d0cce] ERROR com.womensafety.authservice.exception.GlobalExceptionHandler - Unexpected error: 
org.apache.kafka.common.KafkaException: Failed to construct kafka producer
	at org.apache.kafka.clients.producer.KafkaProducer.<init>(KafkaProducer.java:476)
	at org.apache.kafka.clients.producer.KafkaProducer.<init>(KafkaProducer.java:297)
	at org.springframework.kafka.core.DefaultKafkaProducerFactory.createRawProducer(DefaultKafkaProducerFactory.java:944)
	at org.springframework.kafka.core.DefaultKafkaProducerFactory.createKafkaProducer(DefaultKafkaProducerFactory.java:826)
	at org.springframework.kafka.core.DefaultKafkaProducerFactory.doCreateProducer(DefaultKafkaProducerFactory.java:793)
	at org.springframework.kafka.core.DefaultKafkaProducerFactory.createProducer(DefaultKafkaProducerFactory.java:768)
	at org.springframework.kafka.core.DefaultKafkaProducerFactory.createProducer(DefaultKafkaProducerFactory.java:762)
	at org.springframework.kafka.core.KafkaTemplate.getTheProducer(KafkaTemplate.java:991)
	at org.springframework.kafka.core.KafkaTemplate.doSend(KafkaTemplate.java:843)
	at org.springframework.kafka.core.KafkaTemplate.observeSend(KafkaTemplate.java:820)
	at org.springframework.kafka.core.KafkaTemplate.send(KafkaTemplate.java:597)
	at com.womensafety.authservice.service.AuthService.register(AuthService.java:57)
	at com.womensafety.authservice.controller.AuthController.registerUser(AuthController.java:38)
	at java.base/jdk.internal.reflect.NativeMethodAccessorImpl.invoke0(Native Method)
	at java.base/jdk.internal.reflect.NativeMethodAccessorImpl.invoke(NativeMethodAccessorImpl.java:77)
	at java.base/jdk.internal.reflect.DelegatingMethodAccessorImpl.invoke(DelegatingMethodAccessorImpl.java:43)
	at java.base/java.lang.reflect.Method.invoke(Method.java:568)
	at org.springframework.web.method.support.InvocableHandlerMethod.doInvoke(InvocableHandlerMethod.java:258)
	at org.springframework.web.method.support.InvocableHandlerMethod.invokeForRequest(InvocableHandlerMethod.java:191)
	at org.springframework.web.servlet.mvc.method.annotation.ServletInvocableHandlerMethod.invokeAndHandle(ServletInvocableHandlerMethod.java:118)
	at org.springframework.web.servlet.mvc.method.annotation.RequestMappingHandlerAdapter.invokeHandlerMethod(RequestMappingHandlerAdapter.java:991)
	at org.springframework.web.servlet.mvc.method.annotation.RequestMappingHandlerAdapter.handleInternal(RequestMappingHandlerAdapter.java:896)
	at org.springframework.web.servlet.mvc.method.AbstractHandlerMethodAdapter.handle(AbstractHandlerMethodAdapter.java:87)
	at org.springframework.web.servlet.DispatcherServlet.doDispatch(DispatcherServlet.java:1089)
	at org.springframework.web.servlet.DispatcherServlet.doService(DispatcherServlet.java:979)
	at org.springframework.web.servlet.FrameworkServlet.processRequest(FrameworkServlet.java:1014)
	at org.springframework.web.servlet.FrameworkServlet.doPost(FrameworkServlet.java:914)
	at jakarta.servlet.http.HttpServlet.service(HttpServlet.java:590)
	at org.springframework.web.servlet.FrameworkServlet.service(FrameworkServlet.java:885)
	at jakarta.servlet.http.HttpServlet.service(HttpServlet.java:658)
	at org.apache.catalina.core.ApplicationFilterChain.internalDoFilter(ApplicationFilterChain.java:195)
	at org.apache.catalina.core.ApplicationFilterChain.doFilter(ApplicationFilterChain.java:140)
	at org.apache.tomcat.websocket.server.WsFilter.doFilter(WsFilter.java:51)
	at org.apache.catalina.core.ApplicationFilterChain.internalDoFilter(ApplicationFilterChain.java:164)
	at org.apache.catalina.core.ApplicationFilterChain.doFilter(ApplicationFilterChain.java:140)
	at com.womensafety.authservice.web.TraceFilter.doFilter(TraceFilter.java:25)
	at org.apache.catalina.core.ApplicationFilterChain.internalDoFilter(ApplicationFilterChain.java:164)
	at org.apache.catalina.core.ApplicationFilterChain.doFilter(ApplicationFilterChain.java:140)
	at org.springframework.web.filter.OncePerRequestFilter.doFilter(OncePerRequestFilter.java:110)
	at org.apache.catalina.core.ApplicationFilterChain.internalDoFilter(ApplicationFilterChain.java:164)
	at org.apache.catalina.core.ApplicationFilterChain.doFilter(ApplicationFilterChain.java:140)
	at com.womensafety.authservice.logging.MdcLoggingFilter.doFilter(MdcLoggingFilter.java:30)
	at org.apache.catalina.core.ApplicationFilterChain.internalDoFilter(ApplicationFilterChain.java:164)
	at org.apache.catalina.core.ApplicationFilterChain.doFilter(ApplicationFilterChain.java:140)
	at org.springframework.web.filter.CompositeFilter$VirtualFilterChain.doFilter(CompositeFilter.java:108)
	at org.springframework.web.filter.CompositeFilter$VirtualFilterChain.doFilter(CompositeFilter.java:108)
	at org.springframework.security.web.FilterChainProxy.lambda$doFilterInternal$3(FilterChainProxy.java:231)
	at org.springframework.security.web.ObservationFilterChainDecorator$FilterObservation$SimpleFilterObservation.lambda$wrap$1(ObservationFilterChainDecorator.java:479)
	at org.springframework.security.web.ObservationFilterChainDecorator$AroundFilterObservation$SimpleAroundFilterObservation.lambda$wrap$1(ObservationFilterChainDecorator.java:340)
	at org.springframework.security.web.ObservationFilterChainDecorator.lambda$wrapSecured$0(ObservationFilterChainDecorator.java:82)
	at org.springframework.security.web.ObservationFilterChainDecorator$VirtualFilterChain.doFilter(ObservationFilterChainDecorator.java:128)
	at org.springframework.security.web.access.intercept.AuthorizationFilter.doFilter(AuthorizationFilter.java:101)
	at org.springframework.security.web.ObservationFilterChainDecorator$ObservationFilter.wrapFilter(ObservationFilterChainDecorator.java:240)
	at org.springframework.security.web.ObservationFilterChainDecorator$ObservationFilter.doFilter(ObservationFilterChainDecorator.java:227)
	at org.springframework.security.web.ObservationFilterChainDecorator$VirtualFilterChain.doFilter(ObservationFilterChainDecorator.java:137)
	at org.springframework.security.web.access.ExceptionTranslationFilter.doFilter(ExceptionTranslationFilter.java:125)
	at org.springframework.security.web.access.ExceptionTranslationFilter.doFilter(ExceptionTranslationFilter.java:119)
	at org.springframework.security.web.ObservationFilterChainDecorator$ObservationFilter.wrapFilter(ObservationFilterChainDecorator.java:240)
	at org.springframework.security.web.ObservationFilterChainDecorator$ObservationFilter.doFilter(ObservationFilterChainDecorator.java:227)
	at org.springframework.security.web.ObservationFilterChainDecorator$VirtualFilterChain.doFilter(ObservationFilterChainDecorator.java:137)
	at org.springframework.security.web.session.SessionManagementFilter.doFilter(SessionManagementFilter.java:131)
	at org.springframework.security.web.session.SessionManagementFilter.doFilter(SessionManagementFilter.java:85)
	at org.springframework.security.web.ObservationFilterChainDecorator$ObservationFilter.wrapFilter(ObservationFilterChainDecorator.java:240)
	at org.springframework.security.web.ObservationFilterChainDecorator$ObservationFilter.doFilter(ObservationFilterChainDecorator.java:227)
	at org.springframework.security.web.ObservationFilterChainDecorator$VirtualFilterChain.doFilter(ObservationFilterChainDecorator.java:137)
	at org.springframework.security.web.authentication.AnonymousAuthenticationFilter.doFilter(AnonymousAuthenticationFilter.java:100)
	at org.springframework.security.web.ObservationFilterChainDecorator$ObservationFilter.wrapFilter(ObservationFilterChainDecorator.java:240)
	at org.springframework.security.web.ObservationFilterChainDecorator$ObservationFilter.doFilter(ObservationFilterChainDecorator.java:227)
	at org.springframework.security.web.ObservationFilterChainDecorator$VirtualFilterChain.doFilter(ObservationFilterChainDecorator.java:137)
	at org.springframework.security.web.servletapi.SecurityContextHolderAwareRequestFilter.doFilter(SecurityContextHolderAwareRequestFilter.java:179)
	at org.springframework.security.web.ObservationFilterChainDecorator$ObservationFilter.wrapFilter(ObservationFilterChainDecorator.java:240)
	at org.springframework.security.web.ObservationFilterChainDecorator$ObservationFilter.doFilter(ObservationFilterChainDecorator.java:227)
	at org.springframework.security.web.ObservationFilterChainDecorator$VirtualFilterChain.doFilter(ObservationFilterChainDecorator.java:137)
	at org.springframework.security.web.savedrequest.RequestCacheAwareFilter.doFilter(RequestCacheAwareFilter.java:63)
	at org.springframework.security.web.ObservationFilterChainDecorator$ObservationFilter.wrapFilter(ObservationFilterChainDecorator.java:240)
	at org.springframework.security.web.ObservationFilterChainDecorator$ObservationFilter.doFilter(ObservationFilterChainDecorator.java:227)
	at org.springframework.security.web.ObservationFilterChainDecorator$VirtualFilterChain.doFilter(ObservationFilterChainDecorator.java:137)
	at com.womensafety.authservice.security.JwtFilter.doFilterInternal(JwtFilter.java:71)
	at org.springframework.web.filter.OncePerRequestFilter.doFilter(OncePerRequestFilter.java:116)
	at org.springframework.security.web.ObservationFilterChainDecorator$ObservationFilter.wrapFilter(ObservationFilterChainDecorator.java:240)
	at org.springframework.security.web.ObservationFilterChainDecorator$ObservationFilter.doFilter(ObservationFilterChainDecorator.java:227)
	at org.springframework.security.web.ObservationFilterChainDecorator$VirtualFilterChain.doFilter(ObservationFilterChainDecorator.java:137)
	at org.springframework.security.web.authentication.logout.LogoutFilter.doFilter(LogoutFilter.java:107)
	at org.springframework.security.web.authentication.logout.LogoutFilter.doFilter(LogoutFilter.java:93)
	at org.springframework.security.web.ObservationFilterChainDecorator$ObservationFilter.wrapFilter(ObservationFilterChainDecorator.java:240)
	at org.springframework.security.web.ObservationFilterChainDecorator$ObservationFilter.doFilter(ObservationFilterChainDecorator.java:227)
	at org.springframework.security.web.ObservationFilterChainDecorator$VirtualFilterChain.doFilter(ObservationFilterChainDecorator.java:137)
	at org.springframework.security.web.header.HeaderWriterFilter.doHeadersAfter(HeaderWriterFilter.java:90)
	at org.springframework.security.web.header.HeaderWriterFilter.doFilterInternal(HeaderWriterFilter.java:75)
	at org.springframework.web.filter.OncePerRequestFilter.doFilter(OncePerRequestFilter.java:116)
	at org.springframework.security.web.ObservationFilterChainDecorator$ObservationFilter.wrapFilter(ObservationFilterChainDecorator.java:240)
	at org.springframework.security.web.ObservationFilterChainDecorator$ObservationFilter.doFilter(ObservationFilterChainDecorator.java:227)
	at org.springframework.security.web.ObservationFilterChainDecorator$VirtualFilterChain.doFilter(ObservationFilterChainDecorator.java:137)
	at org.springframework.security.web.context.SecurityContextHolderFilter.doFilter(SecurityContextHolderFilter.java:82)
	at org.springframework.security.web.context.SecurityContextHolderFilter.doFilter(SecurityContextHolderFilter.java:69)
	at org.springframework.security.web.ObservationFilterChainDecorator$ObservationFilter.wrapFilter(ObservationFilterChainDecorator.java:240)
	at org.springframework.security.web.ObservationFilterChainDecorator$ObservationFilter.doFilter(ObservationFilterChainDecorator.java:227)
	at org.springframework.security.web.ObservationFilterChainDecorator$VirtualFilterChain.doFilter(ObservationFilterChainDecorator.java:137)
	at org.springframework.security.web.context.request.async.WebAsyncManagerIntegrationFilter.doFilterInternal(WebAsyncManagerIntegrationFilter.java:62)
	at org.springframework.web.filter.OncePerRequestFilter.doFilter(OncePerRequestFilter.java:116)
	at org.springframework.security.web.ObservationFilterChainDecorator$ObservationFilter.wrapFilter(ObservationFilterChainDecorator.java:240)
	at org.springframework.security.web.ObservationFilterChainDecorator$ObservationFilter.doFilter(ObservationFilterChainDecorator.java:227)
	at org.springframework.security.web.ObservationFilterChainDecorator$VirtualFilterChain.doFilter(ObservationFilterChainDecorator.java:137)
	at org.springframework.security.web.session.DisableEncodeUrlFilter.doFilterInternal(DisableEncodeUrlFilter.java:42)
	at org.springframework.web.filter.OncePerRequestFilter.doFilter(OncePerRequestFilter.java:116)
	at org.springframework.security.web.ObservationFilterChainDecorator$ObservationFilter.wrapFilter(ObservationFilterChainDecorator.java:240)
	at org.springframework.security.web.ObservationFilterChainDecorator$AroundFilterObservation$SimpleAroundFilterObservation.lambda$wrap$0(ObservationFilterChainDecorator.java:323)
	at org.springframework.security.web.ObservationFilterChainDecorator$ObservationFilter.doFilter(ObservationFilterChainDecorator.java:224)
	at org.springframework.security.web.ObservationFilterChainDecorator$VirtualFilterChain.doFilter(ObservationFilterChainDecorator.java:137)
	at org.springframework.security.web.FilterChainProxy.doFilterInternal(FilterChainProxy.java:233)
	at org.springframework.security.web.FilterChainProxy.doFilter(FilterChainProxy.java:191)
	at org.springframework.web.filter.CompositeFilter$VirtualFilterChain.doFilter(CompositeFilter.java:113)
	at org.springframework.web.filter.ServletRequestPathFilter.doFilter(ServletRequestPathFilter.java:52)
	at org.springframework.web.filter.CompositeFilter$VirtualFilterChain.doFilter(CompositeFilter.java:113)
	at org.springframework.web.filter.CompositeFilter.doFilter(CompositeFilter.java:74)
	at org.springframework.security.config.annotation.web.configuration.WebSecurityConfiguration$CompositeFilterChainProxy.doFilter(WebSecurityConfiguration.java:319)
	at org.springframework.web.filter.CompositeFilter$VirtualFilterChain.doFilter(CompositeFilter.java:113)
	at org.springframework.web.servlet.handler.HandlerMappingIntrospector.lambda$createCacheFilter$4(HandlerMappingIntrospector.java:267)
	at org.springframework.web.filter.CompositeFilter$VirtualFilterChain.doFilter(CompositeFilter.java:113)
	at org.springframework.web.filter.CompositeFilter.doFilter(CompositeFilter.java:74)
	at org.springframework.security.config.annotation.web.configuration.WebMvcSecurityConfiguration$CompositeFilterChainProxy.doFilter(WebMvcSecurityConfiguration.java:240)
	at org.springframework.web.filter.DelegatingFilterProxy.invokeDelegate(DelegatingFilterProxy.java:362)
	at org.springframework.web.filter.DelegatingFilterProxy.doFilter(DelegatingFilterProxy.java:278)
	at org.apache.catalina.core.ApplicationFilterChain.internalDoFilter(ApplicationFilterChain.java:164)
	at org.apache.catalina.core.ApplicationFilterChain.doFilter(ApplicationFilterChain.java:140)
	at org.springframework.web.filter.RequestContextFilter.doFilterInternal(RequestContextFilter.java:100)
	at org.springframework.web.filter.OncePerRequestFilter.doFilter(OncePerRequestFilter.java:116)
	at org.apache.catalina.core.ApplicationFilterChain.internalDoFilter(ApplicationFilterChain.java:164)
	at org.apache.catalina.core.ApplicationFilterChain.doFilter(ApplicationFilterChain.java:140)
	at org.springframework.web.filter.FormContentFilter.doFilterInternal(FormContentFilter.java:93)
	at org.springframework.web.filter.OncePerRequestFilter.doFilter(OncePerRequestFilter.java:116)
	at org.apache.catalina.core.ApplicationFilterChain.internalDoFilter(ApplicationFilterChain.java:164)
	at org.apache.catalina.core.ApplicationFilterChain.doFilter(ApplicationFilterChain.java:140)
	at org.springframework.web.filter.ServerHttpObservationFilter.doFilterInternal(ServerHttpObservationFilter.java:110)
	at org.springframework.web.filter.OncePerRequestFilter.doFilter(OncePerRequestFilter.java:116)
	at org.apache.catalina.core.ApplicationFilterChain.internalDoFilter(ApplicationFilterChain.java:164)
	at org.apache.catalina.core.ApplicationFilterChain.doFilter(ApplicationFilterChain.java:140)
	at org.springframework.web.filter.CharacterEncodingFilter.doFilterInternal(CharacterEncodingFilter.java:201)
	at org.springframework.web.filter.OncePerRequestFilter.doFilter(OncePerRequestFilter.java:116)
	at org.apache.catalina.core.ApplicationFilterChain.internalDoFilter(ApplicationFilterChain.java:164)
	at org.apache.catalina.core.ApplicationFilterChain.doFilter(ApplicationFilterChain.java:140)
	at org.apache.catalina.core.StandardWrapperValve.invoke(StandardWrapperValve.java:167)
	at org.apache.catalina.core.StandardContextValve.invoke(StandardContextValve.java:90)
	at org.apache.catalina.authenticator.AuthenticatorBase.invoke(AuthenticatorBase.java:483)
	at org.apache.catalina.core.StandardHostValve.invoke(StandardHostValve.java:116)
	at org.apache.catalina.valves.ErrorReportValve.invoke(ErrorReportValve.java:93)
	at org.apache.catalina.core.StandardEngineValve.invoke(StandardEngineValve.java:74)
	at org.apache.catalina.connector.CoyoteAdapter.service(CoyoteAdapter.java:344)
	at org.apache.coyote.http11.Http11Processor.service(Http11Processor.java:398)
	at org.apache.coyote.AbstractProcessorLight.process(AbstractProcessorLight.java:63)
	at org.apache.coyote.AbstractProtocol$ConnectionHandler.process(AbstractProtocol.java:903)
	at org.apache.tomcat.util.net.NioEndpoint$SocketProcessor.doRun(NioEndpoint.java:1769)
	at org.apache.tomcat.util.net.SocketProcessorBase.run(SocketProcessorBase.java:52)
	at org.apache.tomcat.util.threads.ThreadPoolExecutor.runWorker(ThreadPoolExecutor.java:1189)
	at org.apache.tomcat.util.threads.ThreadPoolExecutor$Worker.run(ThreadPoolExecutor.java:658)
	at org.apache.tomcat.util.threads.TaskThread$WrappingRunnable.run(TaskThread.java:63)
	at java.base/java.lang.Thread.run(Thread.java:833)
Caused by: org.apache.kafka.common.config.ConfigException: No resolvable bootstrap urls given in bootstrap.servers
	at org.apache.kafka.clients.ClientUtils.parseAndValidateAddresses(ClientUtils.java:104)
	at org.apache.kafka.clients.ClientUtils.parseAndValidateAddresses(ClientUtils.java:63)
	at org.apache.kafka.clients.ClientUtils.parseAndValidateAddresses(ClientUtils.java:59)
	at org.apache.kafka.clients.producer.KafkaProducer.<init>(KafkaProducer.java:451)
	... 156 common frames omitted
2025-09-04 03:08:26 [] [] INFO  org.springframework.boot.web.embedded.tomcat.GracefulShutdown - Commencing graceful shutdown. Waiting for active requests to complete
2025-09-04 03:08:26 [] [] INFO  org.springframework.boot.web.embedded.tomcat.GracefulShutdown - Graceful shutdown complete
2025-09-04 03:08:26 [] [] INFO  org.springframework.orm.jpa.LocalContainerEntityManagerFactoryBean - Closing JPA EntityManagerFactory for persistence unit 'default'
2025-09-04 03:08:26 [] [] INFO  com.zaxxer.hikari.HikariDataSource - HikariPool-1 - Shutdown initiated...
2025-09-04 03:08:26 [] [] INFO  com.zaxxer.hikari.HikariDataSource - HikariPool-1 - Shutdown completed.
2025-09-04 03:08:39 [] [] INFO  com.womensafety.authservice.AuthServiceApplication - Starting AuthServiceApplication v0.0.1-SNAPSHOT using Java 17.0.2 with PID 1 (/app/app.jar started by root in /app)
2025-09-04 03:08:39 [] [] INFO  com.womensafety.authservice.AuthServiceApplication - The following 1 profile is active: "docker"
2025-09-04 03:08:48 [] [] INFO  org.springframework.data.repository.config.RepositoryConfigurationDelegate - Bootstrapping Spring Data JPA repositories in DEFAULT mode.
2025-09-04 03:08:48 [] [] INFO  org.springframework.data.repository.config.RepositoryConfigurationDelegate - Finished Spring Data repository scanning in 545 ms. Found 4 JPA repository interfaces.
2025-09-04 03:08:53 [] [] INFO  org.springframework.boot.web.embedded.tomcat.TomcatWebServer - Tomcat initialized with port 8081 (http)
2025-09-04 03:08:53 [] [] INFO  org.apache.catalina.core.StandardService - Starting service [Tomcat]
2025-09-04 03:08:53 [] [] INFO  org.apache.catalina.core.StandardEngine - Starting Servlet engine: [Apache Tomcat/10.1.43]
2025-09-04 03:08:54 [] [] INFO  org.apache.catalina.core.ContainerBase.[Tomcat].[localhost].[/] - Initializing Spring embedded WebApplicationContext
2025-09-04 03:08:54 [] [] INFO  org.springframework.boot.web.servlet.context.ServletWebServerApplicationContext - Root WebApplicationContext: initialization completed in 14622 ms
2025-09-04 03:08:56 [] [] INFO  com.zaxxer.hikari.HikariDataSource - HikariPool-1 - Starting...
2025-09-04 03:08:57 [] [] INFO  com.zaxxer.hikari.pool.HikariPool - HikariPool-1 - Added connection com.mysql.cj.jdbc.ConnectionImpl@77ecdc2b
2025-09-04 03:08:57 [] [] INFO  com.zaxxer.hikari.HikariDataSource - HikariPool-1 - Start completed.
2025-09-04 03:08:58 [] [] INFO  org.flywaydb.core.FlywayExecutor - Database: jdbc:mysql://mysql-db:3306/womendb?useSSL=false&allowPublicKeyRetrieval=true (MySQL 8.0)
2025-09-04 03:08:58 [] [] INFO  org.flywaydb.core.internal.command.DbValidate - Successfully validated 1 migration (execution time 00:00.132s)
2025-09-04 03:08:58 [] [] INFO  org.flywaydb.core.internal.command.DbMigrate - Current version of schema `womendb`: 1
2025-09-04 03:08:58 [] [] INFO  org.flywaydb.core.internal.command.DbMigrate - Schema `womendb` is up to date. No migration necessary.
2025-09-04 03:08:58 [] [] INFO  org.hibernate.jpa.internal.util.LogHelper - HHH000204: Processing PersistenceUnitInfo [name: default]
2025-09-04 03:08:59 [] [] INFO  org.hibernate.Version - HHH000412: Hibernate ORM core version 6.6.22.Final
2025-09-04 03:08:59 [] [] INFO  org.hibernate.cache.internal.RegionFactoryInitiator - HHH000026: Second-level cache disabled
2025-09-04 03:09:00 [] [] INFO  org.springframework.orm.jpa.persistenceunit.SpringPersistenceUnitInfo - No LoadTimeWeaver setup: ignoring JPA class transformer
2025-09-04 03:09:00 [] [] WARN  org.hibernate.orm.deprecation - HHH90000025: MySQL8Dialect does not need to be specified explicitly using 'hibernate.dialect' (remove the property setting and it will be selected by default)
2025-09-04 03:09:00 [] [] WARN  org.hibernate.orm.deprecation - HHH90000026: MySQL8Dialect has been deprecated; use org.hibernate.dialect.MySQLDialect instead
2025-09-04 03:09:00 [] [] INFO  org.hibernate.orm.connections.pooling - HHH10001005: Database info:
	Database JDBC URL [Connecting through datasource 'HikariDataSource (HikariPool-1)']
	Database driver: undefined/unknown
	Database version: 8.0
	Autocommit mode: undefined/unknown
	Isolation level: undefined/unknown
	Minimum pool size: undefined/unknown
	Maximum pool size: undefined/unknown
2025-09-04 03:09:02 [] [] INFO  org.hibernate.engine.transaction.jta.platform.internal.JtaPlatformInitiator - HHH000489: No JTA platform available (set 'hibernate.transaction.jta.platform' to enable JTA platform integration)
2025-09-04 03:09:02 [] [] INFO  org.springframework.orm.jpa.LocalContainerEntityManagerFactoryBean - Initialized JPA EntityManagerFactory for persistence unit 'default'
2025-09-04 03:09:04 [] [] INFO  com.womensafety.authservice.controller.AuthController - LOGGING from @PostConstruct - auth-service started
2025-09-04 03:09:04 [] [] INFO  org.springframework.data.jpa.repository.query.QueryEnhancerFactory - Hibernate is in classpath; If applicable, HQL parser will be used.
2025-09-04 03:09:05 [] [] WARN  org.springframework.boot.autoconfigure.orm.jpa.JpaBaseConfiguration$JpaWebConfiguration - spring.jpa.open-in-view is enabled by default. Therefore, database queries may be performed during view rendering. Explicitly configure spring.jpa.open-in-view to disable this warning
2025-09-04 03:09:06 [] [] INFO  org.springframework.boot.actuate.endpoint.web.EndpointLinksResolver - Exposing 15 endpoints beneath base path '/actuator'
2025-09-04 03:09:06 [] [] INFO  org.springframework.security.config.annotation.authentication.configuration.InitializeUserDetailsBeanManagerConfigurer$InitializeUserDetailsManagerConfigurer - Global AuthenticationManager configured with UserDetailsService bean with name customUserDetailsService
2025-09-04 03:09:07 [] [] INFO  org.springframework.boot.web.embedded.tomcat.TomcatWebServer - Tomcat started on port 8081 (http) with context path '/'
2025-09-04 03:09:07 [] [] INFO  com.womensafety.authservice.AuthServiceApplication - Started AuthServiceApplication in 34.006 seconds (process running for 39.028)
2025-09-04 03:11:24 [] [] INFO  org.apache.catalina.core.ContainerBase.[Tomcat].[localhost].[/] - Initializing Spring DispatcherServlet 'dispatcherServlet'
2025-09-04 03:11:24 [] [] INFO  org.springframework.web.servlet.DispatcherServlet - Initializing Servlet 'dispatcherServlet'
2025-09-04 03:11:24 [] [] INFO  org.springframework.web.servlet.DispatcherServlet - Completed initialization in 5 ms
2025-09-04 03:11:24 [] [] INFO  com.womensafety.authservice.security.JwtFilter - JWT Filter: Incoming request to /api/auth/register
2025-09-04 03:11:24 [] [] INFO  com.womensafety.authservice.security.JwtFilter - JWT Filter completed for /api/auth/register
2025-09-04 03:11:24 [anonymous] [47a19fcf-a419-4695-8f80-61f2c442a240] INFO  com.womensafety.authservice.controller.AuthController - POST /api/auth/register called for user: Sugam
2025-09-04 03:11:24 [anonymous] [47a19fcf-a419-4695-8f80-61f2c442a240] INFO  com.womensafety.authservice.service.AuthService - Validating registration for user: Sugam
2025-09-04 03:11:25 [anonymous] [47a19fcf-a419-4695-8f80-61f2c442a240] INFO  com.womensafety.authservice.service.AuthService - User 'Sugam' registered successfully
2025-09-04 03:11:25 [anonymous] [47a19fcf-a419-4695-8f80-61f2c442a240] INFO  org.apache.kafka.clients.producer.ProducerConfig - ProducerConfig values: 
	acks = -1
	auto.include.jmx.reporter = true
	batch.size = 16384
	bootstrap.servers = [redpanda:9092]
	buffer.memory = 33554432
	client.dns.lookup = use_all_dns_ips
	client.id = authservice-producer-1
	compression.gzip.level = -1
	compression.lz4.level = 9
	compression.type = none
	compression.zstd.level = 3
	connections.max.idle.ms = 540000
	delivery.timeout.ms = 120000
	enable.idempotence = true
	enable.metrics.push = true
	interceptor.classes = []
	key.serializer = class org.apache.kafka.common.serialization.StringSerializer
	linger.ms = 5
	max.block.ms = 60000
	max.in.flight.requests.per.connection = 5
	max.request.size = 1048576
	metadata.max.age.ms = 300000
	metadata.max.idle.ms = 300000
	metadata.recovery.strategy = none
	metric.reporters = []
	metrics.num.samples = 2
	metrics.recording.level = INFO
	metrics.sample.window.ms = 30000
	partitioner.adaptive.partitioning.enable = true
	partitioner.availability.timeout.ms = 0
	partitioner.class = null
	partitioner.ignore.keys = false
	receive.buffer.bytes = 32768
	reconnect.backoff.max.ms = 1000
	reconnect.backoff.ms = 50
	request.timeout.ms = 30000
	retries = 10
	retry.backoff.max.ms = 1000
	retry.backoff.ms = 100
	sasl.client.callback.handler.class = null
	sasl.jaas.config = null
	sasl.kerberos.kinit.cmd = /usr/bin/kinit
	sasl.kerberos.min.time.before.relogin = 60000
	sasl.kerberos.service.name = null
	sasl.kerberos.ticket.renew.jitter = 0.05
	sasl.kerberos.ticket.renew.window.factor = 0.8
	sasl.login.callback.handler.class = null
	sasl.login.class = null
	sasl.login.connect.timeout.ms = null
	sasl.login.read.timeout.ms = null
	sasl.login.refresh.buffer.seconds = 300
	sasl.login.refresh.min.period.seconds = 60
	sasl.login.refresh.window.factor = 0.8
	sasl.login.refresh.window.jitter = 0.05
	sasl.login.retry.backoff.max.ms = 10000
	sasl.login.retry.backoff.ms = 100
	sasl.mechanism = GSSAPI
	sasl.oauthbearer.clock.skew.seconds = 30
	sasl.oauthbearer.expected.audience = null
	sasl.oauthbearer.expected.issuer = null
	sasl.oauthbearer.header.urlencode = false
	sasl.oauthbearer.jwks.endpoint.refresh.ms = 3600000
	sasl.oauthbearer.jwks.endpoint.retry.backoff.max.ms = 10000
	sasl.oauthbearer.jwks.endpoint.retry.backoff.ms = 100
	sasl.oauthbearer.jwks.endpoint.url = null
	sasl.oauthbearer.scope.claim.name = scope
	sasl.oauthbearer.sub.claim.name = sub
	sasl.oauthbearer.token.endpoint.url = null
	security.protocol = PLAINTEXT
	security.providers = null
	send.buffer.bytes = 131072
	socket.connection.setup.timeout.max.ms = 30000
	socket.connection.setup.timeout.ms = 10000
	ssl.cipher.suites = null
	ssl.enabled.protocols = [TLSv1.2, TLSv1.3]
	ssl.endpoint.identification.algorithm = https
	ssl.engine.factory.class = null
	ssl.key.password = null
	ssl.keymanager.algorithm = SunX509
	ssl.keystore.certificate.chain = null
	ssl.keystore.key = null
	ssl.keystore.location = null
	ssl.keystore.password = null
	ssl.keystore.type = JKS
	ssl.protocol = TLSv1.3
	ssl.provider = null
	ssl.secure.random.implementation = null
	ssl.trustmanager.algorithm = PKIX
	ssl.truststore.certificates = null
	ssl.truststore.location = null
	ssl.truststore.password = null
	ssl.truststore.type = JKS
	transaction.timeout.ms = 60000
	transactional.id = null
	value.serializer = class org.springframework.kafka.support.serializer.JsonSerializer

2025-09-04 03:11:25 [anonymous] [47a19fcf-a419-4695-8f80-61f2c442a240] INFO  org.apache.kafka.common.telemetry.internals.KafkaMetricsCollector - initializing Kafka metrics collector
2025-09-04 03:11:25 [anonymous] [47a19fcf-a419-4695-8f80-61f2c442a240] INFO  org.apache.kafka.clients.producer.KafkaProducer - [Producer clientId=authservice-producer-1] Instantiated an idempotent producer.
2025-09-04 03:11:25 [anonymous] [47a19fcf-a419-4695-8f80-61f2c442a240] INFO  org.apache.kafka.common.utils.AppInfoParser - Kafka version: 3.9.1
2025-09-04 03:11:25 [anonymous] [47a19fcf-a419-4695-8f80-61f2c442a240] INFO  org.apache.kafka.common.utils.AppInfoParser - Kafka commitId: f745dfdcee2b9851
2025-09-04 03:11:25 [anonymous] [47a19fcf-a419-4695-8f80-61f2c442a240] INFO  org.apache.kafka.common.utils.AppInfoParser - Kafka startTimeMs: 1756955485389
2025-09-04 03:11:26 [] [] INFO  org.apache.kafka.clients.Metadata - [Producer clientId=authservice-producer-1] Cluster ID: redpanda.52407a7b-05e1-4bc9-b7ec-5990f5fde757
2025-09-04 03:11:26 [anonymous] [47a19fcf-a419-4695-8f80-61f2c442a240] INFO  com.womensafety.authservice.service.AuthService - Published user.created event for userId 2
2025-09-04 03:11:26 [] [] INFO  org.apache.kafka.clients.producer.internals.TransactionManager - [Producer clientId=authservice-producer-1] ProducerId set to 1 with epoch 0
2025-09-04 03:33:27 [] [] INFO  org.springframework.boot.web.embedded.tomcat.GracefulShutdown - Commencing graceful shutdown. Waiting for active requests to complete
2025-09-04 03:33:27 [] [] INFO  org.springframework.boot.web.embedded.tomcat.GracefulShutdown - Graceful shutdown complete
2025-09-04 03:33:27 [] [] INFO  org.apache.kafka.clients.producer.KafkaProducer - [Producer clientId=authservice-producer-1] Closing the Kafka producer with timeoutMillis = 30000 ms.
2025-09-04 03:33:28 [] [] INFO  org.apache.kafka.common.metrics.Metrics - Metrics scheduler closed
2025-09-04 03:33:28 [] [] INFO  org.apache.kafka.common.metrics.Metrics - Closing reporter org.apache.kafka.common.metrics.JmxReporter
2025-09-04 03:33:28 [] [] INFO  org.apache.kafka.common.metrics.Metrics - Closing reporter org.apache.kafka.common.telemetry.internals.ClientTelemetryReporter
2025-09-04 03:33:28 [] [] INFO  org.apache.kafka.common.metrics.Metrics - Metrics reporters closed
2025-09-04 03:33:28 [] [] INFO  org.apache.kafka.common.utils.AppInfoParser - App info kafka.producer for authservice-producer-1 unregistered
2025-09-04 03:33:28 [] [] INFO  org.springframework.orm.jpa.LocalContainerEntityManagerFactoryBean - Closing JPA EntityManagerFactory for persistence unit 'default'
2025-09-04 03:33:28 [] [] INFO  com.zaxxer.hikari.HikariDataSource - HikariPool-1 - Shutdown initiated...
2025-09-04 03:33:28 [] [] INFO  com.zaxxer.hikari.HikariDataSource - HikariPool-1 - Shutdown completed.
2025-09-04 03:34:52 [] [] INFO  com.womensafety.authservice.AuthServiceApplication - Starting AuthServiceApplication v0.0.1-SNAPSHOT using Java 17.0.2 with PID 1 (/app/app.jar started by root in /app)
2025-09-04 03:34:52 [] [] INFO  com.womensafety.authservice.AuthServiceApplication - The following 1 profile is active: "docker"
2025-09-04 03:34:56 [] [] INFO  org.springframework.data.repository.config.RepositoryConfigurationDelegate - Bootstrapping Spring Data JPA repositories in DEFAULT mode.
2025-09-04 03:34:56 [] [] INFO  org.springframework.data.repository.config.RepositoryConfigurationDelegate - Finished Spring Data repository scanning in 188 ms. Found 4 JPA repository interfaces.
2025-09-04 03:34:58 [] [] INFO  org.springframework.boot.web.embedded.tomcat.TomcatWebServer - Tomcat initialized with port 8081 (http)
2025-09-04 03:34:58 [] [] INFO  org.apache.catalina.core.StandardService - Starting service [Tomcat]
2025-09-04 03:34:58 [] [] INFO  org.apache.catalina.core.StandardEngine - Starting Servlet engine: [Apache Tomcat/10.1.43]
2025-09-04 03:34:58 [] [] INFO  org.apache.catalina.core.ContainerBase.[Tomcat].[localhost].[/] - Initializing Spring embedded WebApplicationContext
2025-09-04 03:34:58 [] [] INFO  org.springframework.boot.web.servlet.context.ServletWebServerApplicationContext - Root WebApplicationContext: initialization completed in 5975 ms
2025-09-04 03:34:59 [] [] INFO  com.zaxxer.hikari.HikariDataSource - HikariPool-1 - Starting...
2025-09-04 03:34:59 [] [] INFO  com.zaxxer.hikari.pool.HikariPool - HikariPool-1 - Added connection com.mysql.cj.jdbc.ConnectionImpl@52cb52bd
2025-09-04 03:34:59 [] [] INFO  com.zaxxer.hikari.HikariDataSource - HikariPool-1 - Start completed.
2025-09-04 03:34:59 [] [] INFO  org.flywaydb.core.FlywayExecutor - Database: jdbc:mysql://mysql-db:3306/womendb?useSSL=false&allowPublicKeyRetrieval=true (MySQL 8.0)
2025-09-04 03:34:59 [] [] INFO  org.flywaydb.core.internal.schemahistory.JdbcTableSchemaHistory - Schema history table `womendb`.`flyway_schema_history` does not exist yet
2025-09-04 03:34:59 [] [] INFO  org.flywaydb.core.internal.command.DbValidate - Successfully validated 1 migration (execution time 00:00.045s)
2025-09-04 03:34:59 [] [] INFO  org.flywaydb.core.Flyway - All configured schemas are empty; baseline operation skipped. A baseline or migration script with a lower version than the baseline version may execute if available. Check the Schemas parameter if this is not intended.
2025-09-04 03:34:59 [] [] INFO  org.flywaydb.core.internal.schemahistory.JdbcTableSchemaHistory - Creating Schema History table `womendb`.`flyway_schema_history` ...
2025-09-04 03:35:00 [] [] INFO  org.flywaydb.core.internal.command.DbMigrate - Current version of schema `womendb`: << Empty Schema >>
2025-09-04 03:35:00 [] [] INFO  org.flywaydb.core.internal.command.DbMigrate - Migrating schema `womendb` to version "1 - create outbox and otp"
2025-09-04 03:35:00 [] [] INFO  org.flywaydb.core.internal.command.DbMigrate - Successfully applied 1 migration to schema `womendb`, now at version v1 (execution time 00:00.288s)
2025-09-04 03:35:00 [] [] INFO  org.hibernate.jpa.internal.util.LogHelper - HHH000204: Processing PersistenceUnitInfo [name: default]
2025-09-04 03:35:00 [] [] INFO  org.hibernate.Version - HHH000412: Hibernate ORM core version 6.6.22.Final
2025-09-04 03:35:00 [] [] INFO  org.hibernate.cache.internal.RegionFactoryInitiator - HHH000026: Second-level cache disabled
2025-09-04 03:35:01 [] [] INFO  org.springframework.orm.jpa.persistenceunit.SpringPersistenceUnitInfo - No LoadTimeWeaver setup: ignoring JPA class transformer
2025-09-04 03:35:01 [] [] WARN  org.hibernate.orm.deprecation - HHH90000025: MySQL8Dialect does not need to be specified explicitly using 'hibernate.dialect' (remove the property setting and it will be selected by default)
2025-09-04 03:35:01 [] [] WARN  org.hibernate.orm.deprecation - HHH90000026: MySQL8Dialect has been deprecated; use org.hibernate.dialect.MySQLDialect instead
2025-09-04 03:35:01 [] [] INFO  org.hibernate.orm.connections.pooling - HHH10001005: Database info:
	Database JDBC URL [Connecting through datasource 'HikariDataSource (HikariPool-1)']
	Database driver: undefined/unknown
	Database version: 8.0
	Autocommit mode: undefined/unknown
	Isolation level: undefined/unknown
	Minimum pool size: undefined/unknown
	Maximum pool size: undefined/unknown
2025-09-04 03:35:03 [] [] INFO  org.hibernate.engine.transaction.jta.platform.internal.JtaPlatformInitiator - HHH000489: No JTA platform available (set 'hibernate.transaction.jta.platform' to enable JTA platform integration)
2025-09-04 03:35:04 [] [] INFO  org.springframework.orm.jpa.LocalContainerEntityManagerFactoryBean - Initialized JPA EntityManagerFactory for persistence unit 'default'
2025-09-04 03:35:05 [] [] INFO  com.womensafety.authservice.controller.AuthController - LOGGING from @PostConstruct - auth-service started
2025-09-04 03:35:05 [] [] INFO  org.springframework.data.jpa.repository.query.QueryEnhancerFactory - Hibernate is in classpath; If applicable, HQL parser will be used.
2025-09-04 03:35:05 [] [] WARN  org.springframework.boot.autoconfigure.orm.jpa.JpaBaseConfiguration$JpaWebConfiguration - spring.jpa.open-in-view is enabled by default. Therefore, database queries may be performed during view rendering. Explicitly configure spring.jpa.open-in-view to disable this warning
2025-09-04 03:35:06 [] [] INFO  org.springframework.boot.actuate.endpoint.web.EndpointLinksResolver - Exposing 15 endpoints beneath base path '/actuator'
2025-09-04 03:35:06 [] [] INFO  org.springframework.security.config.annotation.authentication.configuration.InitializeUserDetailsBeanManagerConfigurer$InitializeUserDetailsManagerConfigurer - Global AuthenticationManager configured with UserDetailsService bean with name customUserDetailsService
2025-09-04 03:35:07 [] [] INFO  org.springframework.boot.web.embedded.tomcat.TomcatWebServer - Tomcat started on port 8081 (http) with context path '/'
2025-09-04 03:35:07 [] [] INFO  com.womensafety.authservice.AuthServiceApplication - Started AuthServiceApplication in 17.882 seconds (process running for 21.476)
2025-09-04 03:36:11 [] [] INFO  org.springframework.boot.web.embedded.tomcat.GracefulShutdown - Commencing graceful shutdown. Waiting for active requests to complete
2025-09-04 03:36:11 [] [] INFO  org.springframework.boot.web.embedded.tomcat.GracefulShutdown - Graceful shutdown complete
2025-09-04 03:36:11 [] [] INFO  org.springframework.orm.jpa.LocalContainerEntityManagerFactoryBean - Closing JPA EntityManagerFactory for persistence unit 'default'
2025-09-04 03:36:11 [] [] INFO  com.zaxxer.hikari.HikariDataSource - HikariPool-1 - Shutdown initiated...
2025-09-04 03:36:11 [] [] INFO  com.zaxxer.hikari.HikariDataSource - HikariPool-1 - Shutdown completed.
2025-09-04 03:36:15 [] [] INFO  com.womensafety.authservice.AuthServiceApplication - Starting AuthServiceApplication v0.0.1-SNAPSHOT using Java 17.0.2 with PID 1 (/app/app.jar started by root in /app)
2025-09-04 03:36:15 [] [] INFO  com.womensafety.authservice.AuthServiceApplication - The following 1 profile is active: "docker"
2025-09-04 03:36:18 [] [] INFO  org.springframework.data.repository.config.RepositoryConfigurationDelegate - Bootstrapping Spring Data JPA repositories in DEFAULT mode.
2025-09-04 03:36:18 [] [] INFO  org.springframework.data.repository.config.RepositoryConfigurationDelegate - Finished Spring Data repository scanning in 126 ms. Found 4 JPA repository interfaces.
2025-09-04 03:36:19 [] [] INFO  org.springframework.boot.web.embedded.tomcat.TomcatWebServer - Tomcat initialized with port 8081 (http)
2025-09-04 03:36:19 [] [] INFO  org.apache.catalina.core.StandardService - Starting service [Tomcat]
2025-09-04 03:36:19 [] [] INFO  org.apache.catalina.core.StandardEngine - Starting Servlet engine: [Apache Tomcat/10.1.43]
2025-09-04 03:36:19 [] [] INFO  org.apache.catalina.core.ContainerBase.[Tomcat].[localhost].[/] - Initializing Spring embedded WebApplicationContext
2025-09-04 03:36:19 [] [] INFO  org.springframework.boot.web.servlet.context.ServletWebServerApplicationContext - Root WebApplicationContext: initialization completed in 4085 ms
2025-09-04 03:36:20 [] [] INFO  com.zaxxer.hikari.HikariDataSource - HikariPool-1 - Starting...
2025-09-04 03:36:21 [] [] INFO  com.zaxxer.hikari.pool.HikariPool - HikariPool-1 - Added connection com.mysql.cj.jdbc.ConnectionImpl@714f1a44
2025-09-04 03:36:21 [] [] INFO  com.zaxxer.hikari.HikariDataSource - HikariPool-1 - Start completed.
2025-09-04 03:36:21 [] [] INFO  org.flywaydb.core.FlywayExecutor - Database: jdbc:mysql://mysql-db:3306/womendb?useSSL=false&allowPublicKeyRetrieval=true (MySQL 8.0)
2025-09-04 03:36:21 [] [] INFO  org.flywaydb.core.internal.command.DbValidate - Successfully validated 1 migration (execution time 00:00.062s)
2025-09-04 03:36:21 [] [] INFO  org.flywaydb.core.internal.command.DbMigrate - Current version of schema `womendb`: 1
2025-09-04 03:36:21 [] [] INFO  org.flywaydb.core.internal.command.DbMigrate - Schema `womendb` is up to date. No migration necessary.
2025-09-04 03:36:21 [] [] INFO  org.hibernate.jpa.internal.util.LogHelper - HHH000204: Processing PersistenceUnitInfo [name: default]
2025-09-04 03:36:21 [] [] INFO  org.hibernate.Version - HHH000412: Hibernate ORM core version 6.6.22.Final
2025-09-04 03:36:21 [] [] INFO  org.hibernate.cache.internal.RegionFactoryInitiator - HHH000026: Second-level cache disabled
2025-09-04 03:36:22 [] [] INFO  org.springframework.orm.jpa.persistenceunit.SpringPersistenceUnitInfo - No LoadTimeWeaver setup: ignoring JPA class transformer
2025-09-04 03:36:22 [] [] WARN  org.hibernate.orm.deprecation - HHH90000025: MySQL8Dialect does not need to be specified explicitly using 'hibernate.dialect' (remove the property setting and it will be selected by default)
2025-09-04 03:36:22 [] [] WARN  org.hibernate.orm.deprecation - HHH90000026: MySQL8Dialect has been deprecated; use org.hibernate.dialect.MySQLDialect instead
2025-09-04 03:36:22 [] [] INFO  org.hibernate.orm.connections.pooling - HHH10001005: Database info:
	Database JDBC URL [Connecting through datasource 'HikariDataSource (HikariPool-1)']
	Database driver: undefined/unknown
	Database version: 8.0
	Autocommit mode: undefined/unknown
	Isolation level: undefined/unknown
	Minimum pool size: undefined/unknown
	Maximum pool size: undefined/unknown
2025-09-04 03:36:24 [] [] INFO  org.hibernate.engine.transaction.jta.platform.internal.JtaPlatformInitiator - HHH000489: No JTA platform available (set 'hibernate.transaction.jta.platform' to enable JTA platform integration)
2025-09-04 03:36:24 [] [] INFO  org.springframework.orm.jpa.LocalContainerEntityManagerFactoryBean - Initialized JPA EntityManagerFactory for persistence unit 'default'
2025-09-04 03:36:25 [] [] INFO  com.womensafety.authservice.controller.AuthController - LOGGING from @PostConstruct - auth-service started
2025-09-04 03:36:26 [] [] INFO  org.springframework.data.jpa.repository.query.QueryEnhancerFactory - Hibernate is in classpath; If applicable, HQL parser will be used.
2025-09-04 03:36:26 [] [] WARN  org.springframework.boot.autoconfigure.orm.jpa.JpaBaseConfiguration$JpaWebConfiguration - spring.jpa.open-in-view is enabled by default. Therefore, database queries may be performed during view rendering. Explicitly configure spring.jpa.open-in-view to disable this warning
2025-09-04 03:36:26 [] [] INFO  org.springframework.boot.actuate.endpoint.web.EndpointLinksResolver - Exposing 15 endpoints beneath base path '/actuator'
2025-09-04 03:36:27 [] [] INFO  org.springframework.security.config.annotation.authentication.configuration.InitializeUserDetailsBeanManagerConfigurer$InitializeUserDetailsManagerConfigurer - Global AuthenticationManager configured with UserDetailsService bean with name customUserDetailsService
2025-09-04 03:36:28 [] [] INFO  org.springframework.boot.web.embedded.tomcat.TomcatWebServer - Tomcat started on port 8081 (http) with context path '/'
2025-09-04 03:36:28 [] [] INFO  com.womensafety.authservice.AuthServiceApplication - Started AuthServiceApplication in 13.826 seconds (process running for 15.106)
2025-09-04 03:36:51 [] [] INFO  org.apache.catalina.core.ContainerBase.[Tomcat].[localhost].[/] - Initializing Spring DispatcherServlet 'dispatcherServlet'
2025-09-04 03:36:51 [] [] INFO  org.springframework.web.servlet.DispatcherServlet - Initializing Servlet 'dispatcherServlet'
2025-09-04 03:36:51 [] [] INFO  org.springframework.web.servlet.DispatcherServlet - Completed initialization in 4 ms
2025-09-04 03:36:51 [] [] INFO  com.womensafety.authservice.security.JwtFilter - JWT Filter: Incoming request to /api/auth/register
2025-09-04 03:36:51 [] [] INFO  com.womensafety.authservice.security.JwtFilter - JWT Filter completed for /api/auth/register
2025-09-04 03:36:51 [anonymous] [5effe859-5e38-446e-87bd-0698967fdd87] INFO  com.womensafety.authservice.controller.AuthController - POST /api/auth/register called for user: Sugathi
2025-09-04 03:36:51 [anonymous] [5effe859-5e38-446e-87bd-0698967fdd87] INFO  com.womensafety.authservice.service.AuthService - Validating registration for user: Sugathi
2025-09-04 03:36:51 [anonymous] [5effe859-5e38-446e-87bd-0698967fdd87] INFO  com.womensafety.authservice.service.AuthService - User 'Sugathi' registered successfully
2025-09-04 03:36:51 [anonymous] [5effe859-5e38-446e-87bd-0698967fdd87] INFO  org.apache.kafka.clients.producer.ProducerConfig - ProducerConfig values: 
	acks = -1
	auto.include.jmx.reporter = true
	batch.size = 16384
	bootstrap.servers = [redpanda:9092]
	buffer.memory = 33554432
	client.dns.lookup = use_all_dns_ips
	client.id = authservice-producer-1
	compression.gzip.level = -1
	compression.lz4.level = 9
	compression.type = none
	compression.zstd.level = 3
	connections.max.idle.ms = 540000
	delivery.timeout.ms = 120000
	enable.idempotence = true
	enable.metrics.push = true
	interceptor.classes = []
	key.serializer = class org.apache.kafka.common.serialization.StringSerializer
	linger.ms = 5
	max.block.ms = 60000
	max.in.flight.requests.per.connection = 5
	max.request.size = 1048576
	metadata.max.age.ms = 300000
	metadata.max.idle.ms = 300000
	metadata.recovery.strategy = none
	metric.reporters = []
	metrics.num.samples = 2
	metrics.recording.level = INFO
	metrics.sample.window.ms = 30000
	partitioner.adaptive.partitioning.enable = true
	partitioner.availability.timeout.ms = 0
	partitioner.class = null
	partitioner.ignore.keys = false
	receive.buffer.bytes = 32768
	reconnect.backoff.max.ms = 1000
	reconnect.backoff.ms = 50
	request.timeout.ms = 30000
	retries = 10
	retry.backoff.max.ms = 1000
	retry.backoff.ms = 100
	sasl.client.callback.handler.class = null
	sasl.jaas.config = null
	sasl.kerberos.kinit.cmd = /usr/bin/kinit
	sasl.kerberos.min.time.before.relogin = 60000
	sasl.kerberos.service.name = null
	sasl.kerberos.ticket.renew.jitter = 0.05
	sasl.kerberos.ticket.renew.window.factor = 0.8
	sasl.login.callback.handler.class = null
	sasl.login.class = null
	sasl.login.connect.timeout.ms = null
	sasl.login.read.timeout.ms = null
	sasl.login.refresh.buffer.seconds = 300
	sasl.login.refresh.min.period.seconds = 60
	sasl.login.refresh.window.factor = 0.8
	sasl.login.refresh.window.jitter = 0.05
	sasl.login.retry.backoff.max.ms = 10000
	sasl.login.retry.backoff.ms = 100
	sasl.mechanism = GSSAPI
	sasl.oauthbearer.clock.skew.seconds = 30
	sasl.oauthbearer.expected.audience = null
	sasl.oauthbearer.expected.issuer = null
	sasl.oauthbearer.header.urlencode = false
	sasl.oauthbearer.jwks.endpoint.refresh.ms = 3600000
	sasl.oauthbearer.jwks.endpoint.retry.backoff.max.ms = 10000
	sasl.oauthbearer.jwks.endpoint.retry.backoff.ms = 100
	sasl.oauthbearer.jwks.endpoint.url = null
	sasl.oauthbearer.scope.claim.name = scope
	sasl.oauthbearer.sub.claim.name = sub
	sasl.oauthbearer.token.endpoint.url = null
	security.protocol = PLAINTEXT
	security.providers = null
	send.buffer.bytes = 131072
	socket.connection.setup.timeout.max.ms = 30000
	socket.connection.setup.timeout.ms = 10000
	ssl.cipher.suites = null
	ssl.enabled.protocols = [TLSv1.2, TLSv1.3]
	ssl.endpoint.identification.algorithm = https
	ssl.engine.factory.class = null
	ssl.key.password = null
	ssl.keymanager.algorithm = SunX509
	ssl.keystore.certificate.chain = null
	ssl.keystore.key = null
	ssl.keystore.location = null
	ssl.keystore.password = null
	ssl.keystore.type = JKS
	ssl.protocol = TLSv1.3
	ssl.provider = null
	ssl.secure.random.implementation = null
	ssl.trustmanager.algorithm = PKIX
	ssl.truststore.certificates = null
	ssl.truststore.location = null
	ssl.truststore.password = null
	ssl.truststore.type = JKS
	transaction.timeout.ms = 60000
	transactional.id = null
	value.serializer = class org.springframework.kafka.support.serializer.JsonSerializer

2025-09-04 03:36:51 [anonymous] [5effe859-5e38-446e-87bd-0698967fdd87] INFO  org.apache.kafka.common.telemetry.internals.KafkaMetricsCollector - initializing Kafka metrics collector
2025-09-04 03:36:51 [anonymous] [5effe859-5e38-446e-87bd-0698967fdd87] INFO  org.apache.kafka.clients.producer.KafkaProducer - [Producer clientId=authservice-producer-1] Instantiated an idempotent producer.
2025-09-04 03:36:51 [anonymous] [5effe859-5e38-446e-87bd-0698967fdd87] INFO  org.apache.kafka.common.utils.AppInfoParser - Kafka version: 3.9.1
2025-09-04 03:36:52 [anonymous] [5effe859-5e38-446e-87bd-0698967fdd87] INFO  org.apache.kafka.common.utils.AppInfoParser - Kafka commitId: f745dfdcee2b9851
2025-09-04 03:36:52 [anonymous] [5effe859-5e38-446e-87bd-0698967fdd87] INFO  org.apache.kafka.common.utils.AppInfoParser - Kafka startTimeMs: 1756957011994
2025-09-04 03:36:53 [] [] INFO  org.apache.kafka.clients.Metadata - [Producer clientId=authservice-producer-1] Cluster ID: redpanda.ad248c60-37ec-4966-afb3-745160d96ba1
2025-09-04 03:36:53 [anonymous] [5effe859-5e38-446e-87bd-0698967fdd87] INFO  com.womensafety.authservice.service.AuthService - Published user.created event for userId 1
2025-09-04 03:36:53 [] [] INFO  org.apache.kafka.clients.producer.internals.TransactionManager - [Producer clientId=authservice-producer-1] ProducerId set to 1 with epoch 0
2025-09-04 03:38:28 [] [] INFO  org.springframework.boot.web.embedded.tomcat.GracefulShutdown - Commencing graceful shutdown. Waiting for active requests to complete
2025-09-04 03:38:28 [] [] INFO  org.springframework.boot.web.embedded.tomcat.GracefulShutdown - Graceful shutdown complete
2025-09-04 03:38:28 [] [] INFO  org.apache.kafka.clients.producer.KafkaProducer - [Producer clientId=authservice-producer-1] Closing the Kafka producer with timeoutMillis = 30000 ms.
2025-09-04 03:38:28 [] [] INFO  org.apache.kafka.common.metrics.Metrics - Metrics scheduler closed
2025-09-04 03:38:28 [] [] INFO  org.apache.kafka.common.metrics.Metrics - Closing reporter org.apache.kafka.common.metrics.JmxReporter
2025-09-04 03:38:28 [] [] INFO  org.apache.kafka.common.metrics.Metrics - Closing reporter org.apache.kafka.common.telemetry.internals.ClientTelemetryReporter
2025-09-04 03:38:28 [] [] INFO  org.apache.kafka.common.metrics.Metrics - Metrics reporters closed
2025-09-04 03:38:28 [] [] INFO  org.apache.kafka.common.utils.AppInfoParser - App info kafka.producer for authservice-producer-1 unregistered
2025-09-04 03:38:28 [] [] INFO  org.springframework.orm.jpa.LocalContainerEntityManagerFactoryBean - Closing JPA EntityManagerFactory for persistence unit 'default'
2025-09-04 03:38:28 [] [] INFO  com.zaxxer.hikari.HikariDataSource - HikariPool-1 - Shutdown initiated...
2025-09-04 03:38:28 [] [] INFO  com.zaxxer.hikari.HikariDataSource - HikariPool-1 - Shutdown completed.
2025-09-04 03:38:58 [] [] INFO  com.womensafety.authservice.AuthServiceApplication - Starting AuthServiceApplication v0.0.1-SNAPSHOT using Java 17.0.2 with PID 1 (/app/app.jar started by root in /app)
2025-09-04 03:38:58 [] [] INFO  com.womensafety.authservice.AuthServiceApplication - The following 1 profile is active: "docker"
2025-09-04 03:39:06 [] [] INFO  org.springframework.data.repository.config.RepositoryConfigurationDelegate - Bootstrapping Spring Data JPA repositories in DEFAULT mode.
2025-09-04 03:39:06 [] [] INFO  org.springframework.data.repository.config.RepositoryConfigurationDelegate - Finished Spring Data repository scanning in 180 ms. Found 4 JPA repository interfaces.
2025-09-04 03:39:08 [] [] INFO  org.springframework.boot.web.embedded.tomcat.TomcatWebServer - Tomcat initialized with port 8081 (http)
2025-09-04 03:39:08 [] [] INFO  org.apache.catalina.core.StandardService - Starting service [Tomcat]
2025-09-04 03:39:08 [] [] INFO  org.apache.catalina.core.StandardEngine - Starting Servlet engine: [Apache Tomcat/10.1.43]
2025-09-04 03:39:08 [] [] INFO  org.apache.catalina.core.ContainerBase.[Tomcat].[localhost].[/] - Initializing Spring embedded WebApplicationContext
2025-09-04 03:39:08 [] [] INFO  org.springframework.boot.web.servlet.context.ServletWebServerApplicationContext - Root WebApplicationContext: initialization completed in 9283 ms
2025-09-04 03:39:08 [] [] INFO  com.zaxxer.hikari.HikariDataSource - HikariPool-1 - Starting...
2025-09-04 03:39:09 [] [] INFO  com.zaxxer.hikari.pool.HikariPool - HikariPool-1 - Added connection com.mysql.cj.jdbc.ConnectionImpl@592a1882
2025-09-04 03:39:09 [] [] INFO  com.zaxxer.hikari.HikariDataSource - HikariPool-1 - Start completed.
2025-09-04 03:39:09 [] [] INFO  org.flywaydb.core.FlywayExecutor - Database: jdbc:mysql://mysql-db:3306/womendb?useSSL=false&allowPublicKeyRetrieval=true (MySQL 8.0)
2025-09-04 03:39:09 [] [] INFO  org.flywaydb.core.internal.command.DbValidate - Successfully validated 1 migration (execution time 00:00.151s)
2025-09-04 03:39:10 [] [] INFO  org.flywaydb.core.internal.command.DbMigrate - Current version of schema `womendb`: 1
2025-09-04 03:39:10 [] [] INFO  org.flywaydb.core.internal.command.DbMigrate - Schema `womendb` is up to date. No migration necessary.
2025-09-04 03:39:10 [] [] INFO  org.hibernate.jpa.internal.util.LogHelper - HHH000204: Processing PersistenceUnitInfo [name: default]
2025-09-04 03:39:10 [] [] INFO  org.hibernate.Version - HHH000412: Hibernate ORM core version 6.6.22.Final
2025-09-04 03:39:11 [] [] INFO  org.hibernate.cache.internal.RegionFactoryInitiator - HHH000026: Second-level cache disabled
2025-09-04 03:39:12 [] [] INFO  org.springframework.orm.jpa.persistenceunit.SpringPersistenceUnitInfo - No LoadTimeWeaver setup: ignoring JPA class transformer
2025-09-04 03:39:12 [] [] WARN  org.hibernate.orm.deprecation - HHH90000025: MySQL8Dialect does not need to be specified explicitly using 'hibernate.dialect' (remove the property setting and it will be selected by default)
2025-09-04 03:39:12 [] [] WARN  org.hibernate.orm.deprecation - HHH90000026: MySQL8Dialect has been deprecated; use org.hibernate.dialect.MySQLDialect instead
2025-09-04 03:39:12 [] [] INFO  org.hibernate.orm.connections.pooling - HHH10001005: Database info:
	Database JDBC URL [Connecting through datasource 'HikariDataSource (HikariPool-1)']
	Database driver: undefined/unknown
	Database version: 8.0
	Autocommit mode: undefined/unknown
	Isolation level: undefined/unknown
	Minimum pool size: undefined/unknown
	Maximum pool size: undefined/unknown
2025-09-04 03:39:14 [] [] INFO  org.hibernate.engine.transaction.jta.platform.internal.JtaPlatformInitiator - HHH000489: No JTA platform available (set 'hibernate.transaction.jta.platform' to enable JTA platform integration)
2025-09-04 03:39:15 [] [] INFO  org.springframework.orm.jpa.LocalContainerEntityManagerFactoryBean - Initialized JPA EntityManagerFactory for persistence unit 'default'
2025-09-04 03:39:15 [] [] INFO  com.womensafety.authservice.controller.AuthController - LOGGING from @PostConstruct - auth-service started
2025-09-04 03:39:16 [] [] INFO  org.springframework.data.jpa.repository.query.QueryEnhancerFactory - Hibernate is in classpath; If applicable, HQL parser will be used.
2025-09-04 03:39:16 [] [] WARN  org.springframework.boot.autoconfigure.orm.jpa.JpaBaseConfiguration$JpaWebConfiguration - spring.jpa.open-in-view is enabled by default. Therefore, database queries may be performed during view rendering. Explicitly configure spring.jpa.open-in-view to disable this warning
2025-09-04 03:39:16 [] [] INFO  org.springframework.boot.actuate.endpoint.web.EndpointLinksResolver - Exposing 15 endpoints beneath base path '/actuator'
2025-09-04 03:39:17 [] [] INFO  org.springframework.security.config.annotation.authentication.configuration.InitializeUserDetailsBeanManagerConfigurer$InitializeUserDetailsManagerConfigurer - Global AuthenticationManager configured with UserDetailsService bean with name customUserDetailsService
2025-09-04 03:39:17 [] [] INFO  org.springframework.boot.web.embedded.tomcat.TomcatWebServer - Tomcat started on port 8081 (http) with context path '/'
2025-09-04 03:39:17 [] [] INFO  com.womensafety.authservice.AuthServiceApplication - Started AuthServiceApplication in 23.031 seconds (process running for 26.703)
2025-09-04 03:50:00 [] [] INFO  org.apache.catalina.core.ContainerBase.[Tomcat].[localhost].[/] - Initializing Spring DispatcherServlet 'dispatcherServlet'
2025-09-04 03:50:00 [] [] INFO  org.springframework.web.servlet.DispatcherServlet - Initializing Servlet 'dispatcherServlet'
2025-09-04 03:50:00 [] [] INFO  org.springframework.web.servlet.DispatcherServlet - Completed initialization in 8 ms
2025-09-04 03:50:00 [] [] INFO  com.womensafety.authservice.security.JwtFilter - JWT Filter: Incoming request to /api/auth/register
2025-09-04 03:50:00 [] [] INFO  com.womensafety.authservice.security.JwtFilter - JWT Filter completed for /api/auth/register
2025-09-04 03:50:00 [anonymous] [bca1f3c9-1edb-4dc7-82ce-166e422b7c47] INFO  com.womensafety.authservice.controller.AuthController - POST /api/auth/register called for user: RamyaSalem
2025-09-04 03:50:00 [anonymous] [bca1f3c9-1edb-4dc7-82ce-166e422b7c47] INFO  com.womensafety.authservice.service.AuthService - Validating registration for user: RamyaSalem
2025-09-04 03:50:01 [anonymous] [bca1f3c9-1edb-4dc7-82ce-166e422b7c47] INFO  com.womensafety.authservice.service.AuthService - User 'RamyaSalem' registered successfully
2025-09-04 03:50:01 [anonymous] [bca1f3c9-1edb-4dc7-82ce-166e422b7c47] INFO  org.apache.kafka.clients.producer.ProducerConfig - ProducerConfig values: 
	acks = -1
	auto.include.jmx.reporter = true
	batch.size = 16384
	bootstrap.servers = [redpanda:9092]
	buffer.memory = 33554432
	client.dns.lookup = use_all_dns_ips
	client.id = authservice-producer-1
	compression.gzip.level = -1
	compression.lz4.level = 9
	compression.type = none
	compression.zstd.level = 3
	connections.max.idle.ms = 540000
	delivery.timeout.ms = 120000
	enable.idempotence = true
	enable.metrics.push = true
	interceptor.classes = []
	key.serializer = class org.apache.kafka.common.serialization.StringSerializer
	linger.ms = 5
	max.block.ms = 60000
	max.in.flight.requests.per.connection = 5
	max.request.size = 1048576
	metadata.max.age.ms = 300000
	metadata.max.idle.ms = 300000
	metadata.recovery.strategy = none
	metric.reporters = []
	metrics.num.samples = 2
	metrics.recording.level = INFO
	metrics.sample.window.ms = 30000
	partitioner.adaptive.partitioning.enable = true
	partitioner.availability.timeout.ms = 0
	partitioner.class = null
	partitioner.ignore.keys = false
	receive.buffer.bytes = 32768
	reconnect.backoff.max.ms = 1000
	reconnect.backoff.ms = 50
	request.timeout.ms = 30000
	retries = 10
	retry.backoff.max.ms = 1000
	retry.backoff.ms = 100
	sasl.client.callback.handler.class = null
	sasl.jaas.config = null
	sasl.kerberos.kinit.cmd = /usr/bin/kinit
	sasl.kerberos.min.time.before.relogin = 60000
	sasl.kerberos.service.name = null
	sasl.kerberos.ticket.renew.jitter = 0.05
	sasl.kerberos.ticket.renew.window.factor = 0.8
	sasl.login.callback.handler.class = null
	sasl.login.class = null
	sasl.login.connect.timeout.ms = null
	sasl.login.read.timeout.ms = null
	sasl.login.refresh.buffer.seconds = 300
	sasl.login.refresh.min.period.seconds = 60
	sasl.login.refresh.window.factor = 0.8
	sasl.login.refresh.window.jitter = 0.05
	sasl.login.retry.backoff.max.ms = 10000
	sasl.login.retry.backoff.ms = 100
	sasl.mechanism = GSSAPI
	sasl.oauthbearer.clock.skew.seconds = 30
	sasl.oauthbearer.expected.audience = null
	sasl.oauthbearer.expected.issuer = null
	sasl.oauthbearer.header.urlencode = false
	sasl.oauthbearer.jwks.endpoint.refresh.ms = 3600000
	sasl.oauthbearer.jwks.endpoint.retry.backoff.max.ms = 10000
	sasl.oauthbearer.jwks.endpoint.retry.backoff.ms = 100
	sasl.oauthbearer.jwks.endpoint.url = null
	sasl.oauthbearer.scope.claim.name = scope
	sasl.oauthbearer.sub.claim.name = sub
	sasl.oauthbearer.token.endpoint.url = null
	security.protocol = PLAINTEXT
	security.providers = null
	send.buffer.bytes = 131072
	socket.connection.setup.timeout.max.ms = 30000
	socket.connection.setup.timeout.ms = 10000
	ssl.cipher.suites = null
	ssl.enabled.protocols = [TLSv1.2, TLSv1.3]
	ssl.endpoint.identification.algorithm = https
	ssl.engine.factory.class = null
	ssl.key.password = null
	ssl.keymanager.algorithm = SunX509
	ssl.keystore.certificate.chain = null
	ssl.keystore.key = null
	ssl.keystore.location = null
	ssl.keystore.password = null
	ssl.keystore.type = JKS
	ssl.protocol = TLSv1.3
	ssl.provider = null
	ssl.secure.random.implementation = null
	ssl.trustmanager.algorithm = PKIX
	ssl.truststore.certificates = null
	ssl.truststore.location = null
	ssl.truststore.password = null
	ssl.truststore.type = JKS
	transaction.timeout.ms = 60000
	transactional.id = null
	value.serializer = class org.springframework.kafka.support.serializer.JsonSerializer

2025-09-04 03:50:01 [anonymous] [bca1f3c9-1edb-4dc7-82ce-166e422b7c47] INFO  org.apache.kafka.common.telemetry.internals.KafkaMetricsCollector - initializing Kafka metrics collector
2025-09-04 03:50:01 [anonymous] [bca1f3c9-1edb-4dc7-82ce-166e422b7c47] INFO  org.apache.kafka.clients.producer.KafkaProducer - [Producer clientId=authservice-producer-1] Instantiated an idempotent producer.
2025-09-04 03:50:01 [anonymous] [bca1f3c9-1edb-4dc7-82ce-166e422b7c47] INFO  org.apache.kafka.common.utils.AppInfoParser - Kafka version: 3.9.1
2025-09-04 03:50:01 [anonymous] [bca1f3c9-1edb-4dc7-82ce-166e422b7c47] INFO  org.apache.kafka.common.utils.AppInfoParser - Kafka commitId: f745dfdcee2b9851
2025-09-04 03:50:01 [anonymous] [bca1f3c9-1edb-4dc7-82ce-166e422b7c47] INFO  org.apache.kafka.common.utils.AppInfoParser - Kafka startTimeMs: 1756957801638
2025-09-04 03:50:02 [] [] INFO  org.apache.kafka.clients.Metadata - [Producer clientId=authservice-producer-1] Cluster ID: redpanda.ad248c60-37ec-4966-afb3-745160d96ba1
2025-09-04 03:50:02 [] [] INFO  org.apache.kafka.clients.producer.internals.TransactionManager - [Producer clientId=authservice-producer-1] ProducerId set to 1001 with epoch 0
2025-09-04 03:50:02 [anonymous] [bca1f3c9-1edb-4dc7-82ce-166e422b7c47] INFO  com.womensafety.authservice.service.AuthService - Published user.created event for userId 2
2025-09-04 15:15:08 [] [] INFO  com.womensafety.authservice.security.JwtFilter - JWT Filter: Incoming request to /api/auth/register
2025-09-04 15:15:08 [] [] INFO  com.womensafety.authservice.security.JwtFilter - JWT Filter completed for /api/auth/register
2025-09-04 15:15:08 [anonymous] [e1010104-bf36-45fc-a82f-434b695a8462] INFO  com.womensafety.authservice.controller.AuthController - POST /api/auth/register called for user: RamyaBangalore
2025-09-04 15:15:08 [anonymous] [e1010104-bf36-45fc-a82f-434b695a8462] INFO  com.womensafety.authservice.service.AuthService - Validating registration for user: RamyaBangalore
2025-09-04 15:15:17 [] [] INFO  com.womensafety.authservice.security.JwtFilter - JWT Filter: Incoming request to /api/auth/register
2025-09-04 15:15:17 [] [] INFO  com.womensafety.authservice.security.JwtFilter - JWT Filter completed for /api/auth/register
2025-09-04 15:15:17 [anonymous] [ea7dfeff-13f7-475a-988f-9a9f57025954] INFO  com.womensafety.authservice.controller.AuthController - POST /api/auth/register called for user: RamyaBangalore
2025-09-04 15:15:17 [anonymous] [ea7dfeff-13f7-475a-988f-9a9f57025954] INFO  com.womensafety.authservice.service.AuthService - Validating registration for user: RamyaBangalore
2025-09-04 15:15:17 [anonymous] [ea7dfeff-13f7-475a-988f-9a9f57025954] INFO  com.womensafety.authservice.service.AuthService - User 'RamyaBangalore' registered successfully
2025-09-04 15:15:17 [anonymous] [ea7dfeff-13f7-475a-988f-9a9f57025954] INFO  com.womensafety.authservice.service.AuthService - Published user.created event for userId 3
2025-09-04 15:46:53 [] [] INFO  com.womensafety.authservice.security.JwtFilter - JWT Filter: Incoming request to /api/auth/register
2025-09-04 15:46:53 [] [] INFO  com.womensafety.authservice.security.JwtFilter - JWT Filter completed for /api/auth/register
2025-09-04 15:46:53 [anonymous] [f9ee9c32-e64c-481c-9446-35b21fea5c91] INFO  com.womensafety.authservice.controller.AuthController - POST /api/auth/register called for user: Susmitha
2025-09-04 15:46:53 [anonymous] [f9ee9c32-e64c-481c-9446-35b21fea5c91] INFO  com.womensafety.authservice.service.AuthService - Validating registration for user: Susmitha
2025-09-04 15:46:53 [anonymous] [f9ee9c32-e64c-481c-9446-35b21fea5c91] INFO  com.womensafety.authservice.service.AuthService - User 'Susmitha' registered successfully
2025-09-04 15:46:53 [anonymous] [f9ee9c32-e64c-481c-9446-35b21fea5c91] INFO  com.womensafety.authservice.service.AuthService - Published user.created event for userId 4
2025-09-04 15:49:45 [] [] INFO  com.womensafety.authservice.security.JwtFilter - JWT Filter: Incoming request to /api/users/4
2025-09-04 15:49:45 [] [] INFO  com.womensafety.authservice.security.JwtFilter - JWT Filter completed for /api/users/4
2025-09-04 15:50:16 [] [] INFO  com.womensafety.authservice.security.JwtFilter - JWT Filter: Incoming request to /api/users/4
2025-09-04 15:50:16 [] [] INFO  com.womensafety.authservice.security.JwtFilter - Token valid for user: Susmitha. Setting authentication.
2025-09-04 15:50:16 [] [] INFO  com.womensafety.authservice.security.JwtFilter - JWT Filter completed for /api/users/4
2025-09-04 15:50:16 [anonymous] [787d4e51-6c6a-4c4e-821a-cdf0eb1600a7] ERROR com.womensafety.authservice.exception.GlobalExceptionHandler - Unexpected error: 
org.springframework.web.servlet.resource.NoResourceFoundException: No static resource api/users/4.
	at org.springframework.web.servlet.resource.ResourceHttpRequestHandler.handleRequest(ResourceHttpRequestHandler.java:585)
	at org.springframework.web.servlet.mvc.HttpRequestHandlerAdapter.handle(HttpRequestHandlerAdapter.java:52)
	at org.springframework.web.servlet.DispatcherServlet.doDispatch(DispatcherServlet.java:1089)
	at org.springframework.web.servlet.DispatcherServlet.doService(DispatcherServlet.java:979)
	at org.springframework.web.servlet.FrameworkServlet.processRequest(FrameworkServlet.java:1014)
	at org.springframework.web.servlet.FrameworkServlet.doGet(FrameworkServlet.java:903)
	at jakarta.servlet.http.HttpServlet.service(HttpServlet.java:564)
	at org.springframework.web.servlet.FrameworkServlet.service(FrameworkServlet.java:885)
	at jakarta.servlet.http.HttpServlet.service(HttpServlet.java:658)
	at org.apache.catalina.core.ApplicationFilterChain.internalDoFilter(ApplicationFilterChain.java:195)
	at org.apache.catalina.core.ApplicationFilterChain.doFilter(ApplicationFilterChain.java:140)
	at org.apache.tomcat.websocket.server.WsFilter.doFilter(WsFilter.java:51)
	at org.apache.catalina.core.ApplicationFilterChain.internalDoFilter(ApplicationFilterChain.java:164)
	at org.apache.catalina.core.ApplicationFilterChain.doFilter(ApplicationFilterChain.java:140)
	at com.womensafety.authservice.web.TraceFilter.doFilter(TraceFilter.java:25)
	at org.apache.catalina.core.ApplicationFilterChain.internalDoFilter(ApplicationFilterChain.java:164)
	at org.apache.catalina.core.ApplicationFilterChain.doFilter(ApplicationFilterChain.java:140)
	at org.springframework.web.filter.OncePerRequestFilter.doFilter(OncePerRequestFilter.java:110)
	at org.apache.catalina.core.ApplicationFilterChain.internalDoFilter(ApplicationFilterChain.java:164)
	at org.apache.catalina.core.ApplicationFilterChain.doFilter(ApplicationFilterChain.java:140)
	at com.womensafety.authservice.logging.MdcLoggingFilter.doFilter(MdcLoggingFilter.java:30)
	at org.apache.catalina.core.ApplicationFilterChain.internalDoFilter(ApplicationFilterChain.java:164)
	at org.apache.catalina.core.ApplicationFilterChain.doFilter(ApplicationFilterChain.java:140)
	at org.springframework.web.filter.CompositeFilter$VirtualFilterChain.doFilter(CompositeFilter.java:108)
	at org.springframework.web.filter.CompositeFilter$VirtualFilterChain.doFilter(CompositeFilter.java:108)
	at org.springframework.security.web.FilterChainProxy.lambda$doFilterInternal$3(FilterChainProxy.java:231)
	at org.springframework.security.web.ObservationFilterChainDecorator$FilterObservation$SimpleFilterObservation.lambda$wrap$1(ObservationFilterChainDecorator.java:479)
	at org.springframework.security.web.ObservationFilterChainDecorator$AroundFilterObservation$SimpleAroundFilterObservation.lambda$wrap$1(ObservationFilterChainDecorator.java:340)
	at org.springframework.security.web.ObservationFilterChainDecorator.lambda$wrapSecured$0(ObservationFilterChainDecorator.java:82)
	at org.springframework.security.web.ObservationFilterChainDecorator$VirtualFilterChain.doFilter(ObservationFilterChainDecorator.java:128)
	at org.springframework.security.web.access.intercept.AuthorizationFilter.doFilter(AuthorizationFilter.java:101)
	at org.springframework.security.web.ObservationFilterChainDecorator$ObservationFilter.wrapFilter(ObservationFilterChainDecorator.java:240)
	at org.springframework.security.web.ObservationFilterChainDecorator$ObservationFilter.doFilter(ObservationFilterChainDecorator.java:227)
	at org.springframework.security.web.ObservationFilterChainDecorator$VirtualFilterChain.doFilter(ObservationFilterChainDecorator.java:137)
	at org.springframework.security.web.access.ExceptionTranslationFilter.doFilter(ExceptionTranslationFilter.java:125)
	at org.springframework.security.web.access.ExceptionTranslationFilter.doFilter(ExceptionTranslationFilter.java:119)
	at org.springframework.security.web.ObservationFilterChainDecorator$ObservationFilter.wrapFilter(ObservationFilterChainDecorator.java:240)
	at org.springframework.security.web.ObservationFilterChainDecorator$ObservationFilter.doFilter(ObservationFilterChainDecorator.java:227)
	at org.springframework.security.web.ObservationFilterChainDecorator$VirtualFilterChain.doFilter(ObservationFilterChainDecorator.java:137)
	at org.springframework.security.web.session.SessionManagementFilter.doFilter(SessionManagementFilter.java:131)
	at org.springframework.security.web.session.SessionManagementFilter.doFilter(SessionManagementFilter.java:85)
	at org.springframework.security.web.ObservationFilterChainDecorator$ObservationFilter.wrapFilter(ObservationFilterChainDecorator.java:240)
	at org.springframework.security.web.ObservationFilterChainDecorator$ObservationFilter.doFilter(ObservationFilterChainDecorator.java:227)
	at org.springframework.security.web.ObservationFilterChainDecorator$VirtualFilterChain.doFilter(ObservationFilterChainDecorator.java:137)
	at org.springframework.security.web.authentication.AnonymousAuthenticationFilter.doFilter(AnonymousAuthenticationFilter.java:100)
	at org.springframework.security.web.ObservationFilterChainDecorator$ObservationFilter.wrapFilter(ObservationFilterChainDecorator.java:240)
	at org.springframework.security.web.ObservationFilterChainDecorator$ObservationFilter.doFilter(ObservationFilterChainDecorator.java:227)
	at org.springframework.security.web.ObservationFilterChainDecorator$VirtualFilterChain.doFilter(ObservationFilterChainDecorator.java:137)
	at org.springframework.security.web.servletapi.SecurityContextHolderAwareRequestFilter.doFilter(SecurityContextHolderAwareRequestFilter.java:179)
	at org.springframework.security.web.ObservationFilterChainDecorator$ObservationFilter.wrapFilter(ObservationFilterChainDecorator.java:240)
	at org.springframework.security.web.ObservationFilterChainDecorator$ObservationFilter.doFilter(ObservationFilterChainDecorator.java:227)
	at org.springframework.security.web.ObservationFilterChainDecorator$VirtualFilterChain.doFilter(ObservationFilterChainDecorator.java:137)
	at org.springframework.security.web.savedrequest.RequestCacheAwareFilter.doFilter(RequestCacheAwareFilter.java:63)
	at org.springframework.security.web.ObservationFilterChainDecorator$ObservationFilter.wrapFilter(ObservationFilterChainDecorator.java:240)
	at org.springframework.security.web.ObservationFilterChainDecorator$ObservationFilter.doFilter(ObservationFilterChainDecorator.java:227)
	at org.springframework.security.web.ObservationFilterChainDecorator$VirtualFilterChain.doFilter(ObservationFilterChainDecorator.java:137)
	at com.womensafety.authservice.security.JwtFilter.doFilterInternal(JwtFilter.java:71)
	at org.springframework.web.filter.OncePerRequestFilter.doFilter(OncePerRequestFilter.java:116)
	at org.springframework.security.web.ObservationFilterChainDecorator$ObservationFilter.wrapFilter(ObservationFilterChainDecorator.java:240)
	at org.springframework.security.web.ObservationFilterChainDecorator$ObservationFilter.doFilter(ObservationFilterChainDecorator.java:227)
	at org.springframework.security.web.ObservationFilterChainDecorator$VirtualFilterChain.doFilter(ObservationFilterChainDecorator.java:137)
	at org.springframework.security.web.authentication.logout.LogoutFilter.doFilter(LogoutFilter.java:107)
	at org.springframework.security.web.authentication.logout.LogoutFilter.doFilter(LogoutFilter.java:93)
	at org.springframework.security.web.ObservationFilterChainDecorator$ObservationFilter.wrapFilter(ObservationFilterChainDecorator.java:240)
	at org.springframework.security.web.ObservationFilterChainDecorator$ObservationFilter.doFilter(ObservationFilterChainDecorator.java:227)
	at org.springframework.security.web.ObservationFilterChainDecorator$VirtualFilterChain.doFilter(ObservationFilterChainDecorator.java:137)
	at org.springframework.security.web.header.HeaderWriterFilter.doHeadersAfter(HeaderWriterFilter.java:90)
	at org.springframework.security.web.header.HeaderWriterFilter.doFilterInternal(HeaderWriterFilter.java:75)
	at org.springframework.web.filter.OncePerRequestFilter.doFilter(OncePerRequestFilter.java:116)
	at org.springframework.security.web.ObservationFilterChainDecorator$ObservationFilter.wrapFilter(ObservationFilterChainDecorator.java:240)
	at org.springframework.security.web.ObservationFilterChainDecorator$ObservationFilter.doFilter(ObservationFilterChainDecorator.java:227)
	at org.springframework.security.web.ObservationFilterChainDecorator$VirtualFilterChain.doFilter(ObservationFilterChainDecorator.java:137)
	at org.springframework.security.web.context.SecurityContextHolderFilter.doFilter(SecurityContextHolderFilter.java:82)
	at org.springframework.security.web.context.SecurityContextHolderFilter.doFilter(SecurityContextHolderFilter.java:69)
	at org.springframework.security.web.ObservationFilterChainDecorator$ObservationFilter.wrapFilter(ObservationFilterChainDecorator.java:240)
	at org.springframework.security.web.ObservationFilterChainDecorator$ObservationFilter.doFilter(ObservationFilterChainDecorator.java:227)
	at org.springframework.security.web.ObservationFilterChainDecorator$VirtualFilterChain.doFilter(ObservationFilterChainDecorator.java:137)
	at org.springframework.security.web.context.request.async.WebAsyncManagerIntegrationFilter.doFilterInternal(WebAsyncManagerIntegrationFilter.java:62)
	at org.springframework.web.filter.OncePerRequestFilter.doFilter(OncePerRequestFilter.java:116)
	at org.springframework.security.web.ObservationFilterChainDecorator$ObservationFilter.wrapFilter(ObservationFilterChainDecorator.java:240)
	at org.springframework.security.web.ObservationFilterChainDecorator$ObservationFilter.doFilter(ObservationFilterChainDecorator.java:227)
	at org.springframework.security.web.ObservationFilterChainDecorator$VirtualFilterChain.doFilter(ObservationFilterChainDecorator.java:137)
	at org.springframework.security.web.session.DisableEncodeUrlFilter.doFilterInternal(DisableEncodeUrlFilter.java:42)
	at org.springframework.web.filter.OncePerRequestFilter.doFilter(OncePerRequestFilter.java:116)
	at org.springframework.security.web.ObservationFilterChainDecorator$ObservationFilter.wrapFilter(ObservationFilterChainDecorator.java:240)
	at org.springframework.security.web.ObservationFilterChainDecorator$AroundFilterObservation$SimpleAroundFilterObservation.lambda$wrap$0(ObservationFilterChainDecorator.java:323)
	at org.springframework.security.web.ObservationFilterChainDecorator$ObservationFilter.doFilter(ObservationFilterChainDecorator.java:224)
	at org.springframework.security.web.ObservationFilterChainDecorator$VirtualFilterChain.doFilter(ObservationFilterChainDecorator.java:137)
	at org.springframework.security.web.FilterChainProxy.doFilterInternal(FilterChainProxy.java:233)
	at org.springframework.security.web.FilterChainProxy.doFilter(FilterChainProxy.java:191)
	at org.springframework.web.filter.CompositeFilter$VirtualFilterChain.doFilter(CompositeFilter.java:113)
	at org.springframework.web.filter.ServletRequestPathFilter.doFilter(ServletRequestPathFilter.java:52)
	at org.springframework.web.filter.CompositeFilter$VirtualFilterChain.doFilter(CompositeFilter.java:113)
	at org.springframework.web.filter.CompositeFilter.doFilter(CompositeFilter.java:74)
	at org.springframework.security.config.annotation.web.configuration.WebSecurityConfiguration$CompositeFilterChainProxy.doFilter(WebSecurityConfiguration.java:319)
	at org.springframework.web.filter.CompositeFilter$VirtualFilterChain.doFilter(CompositeFilter.java:113)
	at org.springframework.web.servlet.handler.HandlerMappingIntrospector.lambda$createCacheFilter$4(HandlerMappingIntrospector.java:267)
	at org.springframework.web.filter.CompositeFilter$VirtualFilterChain.doFilter(CompositeFilter.java:113)
	at org.springframework.web.filter.CompositeFilter.doFilter(CompositeFilter.java:74)
	at org.springframework.security.config.annotation.web.configuration.WebMvcSecurityConfiguration$CompositeFilterChainProxy.doFilter(WebMvcSecurityConfiguration.java:240)
	at org.springframework.web.filter.DelegatingFilterProxy.invokeDelegate(DelegatingFilterProxy.java:362)
	at org.springframework.web.filter.DelegatingFilterProxy.doFilter(DelegatingFilterProxy.java:278)
	at org.apache.catalina.core.ApplicationFilterChain.internalDoFilter(ApplicationFilterChain.java:164)
	at org.apache.catalina.core.ApplicationFilterChain.doFilter(ApplicationFilterChain.java:140)
	at org.springframework.web.filter.RequestContextFilter.doFilterInternal(RequestContextFilter.java:100)
	at org.springframework.web.filter.OncePerRequestFilter.doFilter(OncePerRequestFilter.java:116)
	at org.apache.catalina.core.ApplicationFilterChain.internalDoFilter(ApplicationFilterChain.java:164)
	at org.apache.catalina.core.ApplicationFilterChain.doFilter(ApplicationFilterChain.java:140)
	at org.springframework.web.filter.FormContentFilter.doFilterInternal(FormContentFilter.java:93)
	at org.springframework.web.filter.OncePerRequestFilter.doFilter(OncePerRequestFilter.java:116)
	at org.apache.catalina.core.ApplicationFilterChain.internalDoFilter(ApplicationFilterChain.java:164)
	at org.apache.catalina.core.ApplicationFilterChain.doFilter(ApplicationFilterChain.java:140)
	at org.springframework.web.filter.ServerHttpObservationFilter.doFilterInternal(ServerHttpObservationFilter.java:110)
	at org.springframework.web.filter.OncePerRequestFilter.doFilter(OncePerRequestFilter.java:116)
	at org.apache.catalina.core.ApplicationFilterChain.internalDoFilter(ApplicationFilterChain.java:164)
	at org.apache.catalina.core.ApplicationFilterChain.doFilter(ApplicationFilterChain.java:140)
	at org.springframework.web.filter.CharacterEncodingFilter.doFilterInternal(CharacterEncodingFilter.java:201)
	at org.springframework.web.filter.OncePerRequestFilter.doFilter(OncePerRequestFilter.java:116)
	at org.apache.catalina.core.ApplicationFilterChain.internalDoFilter(ApplicationFilterChain.java:164)
	at org.apache.catalina.core.ApplicationFilterChain.doFilter(ApplicationFilterChain.java:140)
	at org.apache.catalina.core.StandardWrapperValve.invoke(StandardWrapperValve.java:167)
	at org.apache.catalina.core.StandardContextValve.invoke(StandardContextValve.java:90)
	at org.apache.catalina.authenticator.AuthenticatorBase.invoke(AuthenticatorBase.java:483)
	at org.apache.catalina.core.StandardHostValve.invoke(StandardHostValve.java:116)
	at org.apache.catalina.valves.ErrorReportValve.invoke(ErrorReportValve.java:93)
	at org.apache.catalina.core.StandardEngineValve.invoke(StandardEngineValve.java:74)
	at org.apache.catalina.connector.CoyoteAdapter.service(CoyoteAdapter.java:344)
	at org.apache.coyote.http11.Http11Processor.service(Http11Processor.java:398)
	at org.apache.coyote.AbstractProcessorLight.process(AbstractProcessorLight.java:63)
	at org.apache.coyote.AbstractProtocol$ConnectionHandler.process(AbstractProtocol.java:903)
	at org.apache.tomcat.util.net.NioEndpoint$SocketProcessor.doRun(NioEndpoint.java:1769)
	at org.apache.tomcat.util.net.SocketProcessorBase.run(SocketProcessorBase.java:52)
	at org.apache.tomcat.util.threads.ThreadPoolExecutor.runWorker(ThreadPoolExecutor.java:1189)
	at org.apache.tomcat.util.threads.ThreadPoolExecutor$Worker.run(ThreadPoolExecutor.java:658)
	at org.apache.tomcat.util.threads.TaskThread$WrappingRunnable.run(TaskThread.java:63)
	at java.base/java.lang.Thread.run(Thread.java:833)
2025-09-04 16:47:29 [] [] INFO  org.springframework.boot.web.embedded.tomcat.GracefulShutdown - Commencing graceful shutdown. Waiting for active requests to complete
2025-09-04 16:47:29 [] [] INFO  org.springframework.boot.web.embedded.tomcat.GracefulShutdown - Graceful shutdown complete
2025-09-04 16:47:29 [] [] INFO  org.apache.kafka.clients.producer.KafkaProducer - [Producer clientId=authservice-producer-1] Closing the Kafka producer with timeoutMillis = 30000 ms.
2025-09-04 16:47:29 [] [] INFO  org.apache.kafka.common.metrics.Metrics - Metrics scheduler closed
2025-09-04 16:47:29 [] [] INFO  org.apache.kafka.common.metrics.Metrics - Closing reporter org.apache.kafka.common.metrics.JmxReporter
2025-09-04 16:47:29 [] [] INFO  org.apache.kafka.common.metrics.Metrics - Closing reporter org.apache.kafka.common.telemetry.internals.ClientTelemetryReporter
2025-09-04 16:47:29 [] [] INFO  org.apache.kafka.common.metrics.Metrics - Metrics reporters closed
2025-09-04 16:47:29 [] [] INFO  org.apache.kafka.common.utils.AppInfoParser - App info kafka.producer for authservice-producer-1 unregistered
2025-09-04 16:47:29 [] [] INFO  org.springframework.orm.jpa.LocalContainerEntityManagerFactoryBean - Closing JPA EntityManagerFactory for persistence unit 'default'
2025-09-04 16:47:29 [] [] INFO  com.zaxxer.hikari.HikariDataSource - HikariPool-1 - Shutdown initiated...
2025-09-04 16:47:29 [] [] INFO  com.zaxxer.hikari.HikariDataSource - HikariPool-1 - Shutdown completed.
