2025-09-04T03:08:40.018Z  INFO 1 --- [user-service] [main] c.w.userservice.UserServiceApplication   : Starting UserServiceApplication v0.0.1-SNAPSHOT using Java 17.0.2 with PID 1 (/app.jar started by root in /)
2025-09-04T03:08:40.148Z  INFO 1 --- [user-service] [main] c.w.userservice.UserServiceApplication   : The following 1 profile is active: "docker"
2025-09-04T03:08:47.211Z  INFO 1 --- [user-service] [main] .s.d.r.c.RepositoryConfigurationDelegate : Bootstrapping Spring Data JPA repositories in DEFAULT mode.
2025-09-04T03:08:47.514Z  INFO 1 --- [user-service] [main] .s.d.r.c.RepositoryConfigurationDelegate : Finished Spring Data repository scanning in 259 ms. Found 2 JPA repository interfaces.
2025-09-04T03:08:53.092Z  INFO 1 --- [user-service] [main] o.s.b.w.embedded.tomcat.TomcatWebServer  : Tomcat initialized with port 8082 (http)
2025-09-04T03:08:53.170Z  INFO 1 --- [user-service] [main] o.apache.catalina.core.StandardService   : Starting service [Tomcat]
2025-09-04T03:08:53.179Z  INFO 1 --- [user-service] [main] o.apache.catalina.core.StandardEngine    : Starting Servlet engine: [Apache Tomcat/10.1.44]
2025-09-04T03:08:53.422Z  INFO 1 --- [user-service] [main] o.a.c.c.C.[Tomcat].[localhost].[/]       : Initializing Spring embedded WebApplicationContext
2025-09-04T03:08:53.428Z  INFO 1 --- [user-service] [main] w.s.c.ServletWebServerApplicationContext : Root WebApplicationContext: initialization completed in 12495 ms
2025-09-04T03:08:55.240Z  INFO 1 --- [user-service] [main] o.hibernate.jpa.internal.util.LogHelper  : HHH000204: Processing PersistenceUnitInfo [name: default]
2025-09-04T03:08:55.732Z  INFO 1 --- [user-service] [main] org.hibernate.Version                    : HHH000412: Hibernate ORM core version 6.6.26.Final
2025-09-04T03:08:56.028Z  INFO 1 --- [user-service] [main] o.h.c.internal.RegionFactoryInitiator    : HHH000026: Second-level cache disabled
2025-09-04T03:08:58.041Z  INFO 1 --- [user-service] [main] o.s.o.j.p.SpringPersistenceUnitInfo      : No LoadTimeWeaver setup: ignoring JPA class transformer
2025-09-04T03:08:58.235Z  INFO 1 --- [user-service] [main] com.zaxxer.hikari.HikariDataSource       : HikariPool-1 - Starting...
2025-09-04T03:08:58.980Z  INFO 1 --- [user-service] [main] com.zaxxer.hikari.pool.HikariPool        : HikariPool-1 - Added connection com.mysql.cj.jdbc.ConnectionImpl@57b1ec84
2025-09-04T03:08:58.986Z  INFO 1 --- [user-service] [main] com.zaxxer.hikari.HikariDataSource       : HikariPool-1 - Start completed.
2025-09-04T03:08:59.133Z  WARN 1 --- [user-service] [main] org.hibernate.orm.deprecation            : HHH90000025: MySQL8Dialect does not need to be specified explicitly using 'hibernate.dialect' (remove the property setting and it will be selected by default)
2025-09-04T03:08:59.140Z  WARN 1 --- [user-service] [main] org.hibernate.orm.deprecation            : HHH90000026: MySQL8Dialect has been deprecated; use org.hibernate.dialect.MySQLDialect instead
2025-09-04T03:08:59.216Z  INFO 1 --- [user-service] [main] org.hibernate.orm.connections.pooling    : HHH10001005: Database info:
	Database JDBC URL [Connecting through datasource 'HikariDataSource (HikariPool-1)']
	Database driver: undefined/unknown
	Database version: 8.0
	Autocommit mode: undefined/unknown
	Isolation level: undefined/unknown
	Minimum pool size: undefined/unknown
	Maximum pool size: undefined/unknown
2025-09-04T03:09:01.553Z  INFO 1 --- [user-service] [main] o.h.e.t.j.p.i.JtaPlatformInitiator       : HHH000489: No JTA platform available (set 'hibernate.transaction.jta.platform' to enable JTA platform integration)
2025-09-04T03:09:02.227Z  INFO 1 --- [user-service] [main] j.LocalContainerEntityManagerFactoryBean : Initialized JPA EntityManagerFactory for persistence unit 'default'
2025-09-04T03:09:03.307Z  WARN 1 --- [user-service] [main] JpaBaseConfiguration$JpaWebConfiguration : spring.jpa.open-in-view is enabled by default. Therefore, database queries may be performed during view rendering. Explicitly configure spring.jpa.open-in-view to disable this warning
2025-09-04T03:09:03.440Z  WARN 1 --- [user-service] [main] .s.s.UserDetailsServiceAutoConfiguration : 

Using generated security password: fc8ab4f2-efea-46ca-9a61-89547dda7bfa

This generated password is for development use only. Your security configuration must be updated before running your application in production.

2025-09-04T03:09:03.465Z  INFO 1 --- [user-service] [main] r$InitializeUserDetailsManagerConfigurer : Global AuthenticationManager configured with UserDetailsService bean with name inMemoryUserDetailsManager
2025-09-04T03:09:05.902Z  INFO 1 --- [user-service] [main] o.s.b.w.embedded.tomcat.TomcatWebServer  : Tomcat started on port 8082 (http) with context path '/'
2025-09-04T03:09:06.024Z  INFO 1 --- [user-service] [main] o.a.k.clients.consumer.ConsumerConfig    : ConsumerConfig values: 
	allow.auto.create.topics = true
	auto.commit.interval.ms = 5000
	auto.include.jmx.reporter = true
	auto.offset.reset = earliest
	bootstrap.servers = [redpanda:9092]
	check.crcs = true
	client.dns.lookup = use_all_dns_ips
	client.id = consumer-user-service-1
	client.rack = 
	connections.max.idle.ms = 540000
	default.api.timeout.ms = 60000
	enable.auto.commit = false
	enable.metrics.push = true
	exclude.internal.topics = true
	fetch.max.bytes = 52428800
	fetch.max.wait.ms = 500
	fetch.min.bytes = 1
	group.id = user-service
	group.instance.id = null
	group.protocol = classic
	group.remote.assignor = null
	heartbeat.interval.ms = 3000
	interceptor.classes = []
	internal.leave.group.on.close = true
	internal.throw.on.fetch.stable.offset.unsupported = false
	isolation.level = read_uncommitted
	key.deserializer = class org.apache.kafka.common.serialization.StringDeserializer
	max.partition.fetch.bytes = 1048576
	max.poll.interval.ms = 300000
	max.poll.records = 500
	metadata.max.age.ms = 300000
	metadata.recovery.strategy = none
	metric.reporters = []
	metrics.num.samples = 2
	metrics.recording.level = INFO
	metrics.sample.window.ms = 30000
	partition.assignment.strategy = [class org.apache.kafka.clients.consumer.RangeAssignor, class org.apache.kafka.clients.consumer.CooperativeStickyAssignor]
	receive.buffer.bytes = 65536
	reconnect.backoff.max.ms = 1000
	reconnect.backoff.ms = 50
	request.timeout.ms = 30000
	retry.backoff.max.ms = 1000
	retry.backoff.ms = 100
	sasl.client.callback.handler.class = null
	sasl.jaas.config = null
	sasl.kerberos.kinit.cmd = /usr/bin/kinit
	sasl.kerberos.min.time.before.relogin = 60000
	sasl.kerberos.service.name = null
	sasl.kerberos.ticket.renew.jitter = 0.05
	sasl.kerberos.ticket.renew.window.factor = 0.8
	sasl.login.callback.handler.class = null
	sasl.login.class = null
	sasl.login.connect.timeout.ms = null
	sasl.login.read.timeout.ms = null
	sasl.login.refresh.buffer.seconds = 300
	sasl.login.refresh.min.period.seconds = 60
	sasl.login.refresh.window.factor = 0.8
	sasl.login.refresh.window.jitter = 0.05
	sasl.login.retry.backoff.max.ms = 10000
	sasl.login.retry.backoff.ms = 100
	sasl.mechanism = GSSAPI
	sasl.oauthbearer.clock.skew.seconds = 30
	sasl.oauthbearer.expected.audience = null
	sasl.oauthbearer.expected.issuer = null
	sasl.oauthbearer.header.urlencode = false
	sasl.oauthbearer.jwks.endpoint.refresh.ms = 3600000
	sasl.oauthbearer.jwks.endpoint.retry.backoff.max.ms = 10000
	sasl.oauthbearer.jwks.endpoint.retry.backoff.ms = 100
	sasl.oauthbearer.jwks.endpoint.url = null
	sasl.oauthbearer.scope.claim.name = scope
	sasl.oauthbearer.sub.claim.name = sub
	sasl.oauthbearer.token.endpoint.url = null
	security.protocol = PLAINTEXT
	security.providers = null
	send.buffer.bytes = 131072
	session.timeout.ms = 45000
	socket.connection.setup.timeout.max.ms = 30000
	socket.connection.setup.timeout.ms = 10000
	ssl.cipher.suites = null
	ssl.enabled.protocols = [TLSv1.2, TLSv1.3]
	ssl.endpoint.identification.algorithm = https
	ssl.engine.factory.class = null
	ssl.key.password = null
	ssl.keymanager.algorithm = SunX509
	ssl.keystore.certificate.chain = null
	ssl.keystore.key = null
	ssl.keystore.location = null
	ssl.keystore.password = null
	ssl.keystore.type = JKS
	ssl.protocol = TLSv1.3
	ssl.provider = null
	ssl.secure.random.implementation = null
	ssl.trustmanager.algorithm = PKIX
	ssl.truststore.certificates = null
	ssl.truststore.location = null
	ssl.truststore.password = null
	ssl.truststore.type = JKS
	value.deserializer = class org.apache.kafka.common.serialization.StringDeserializer

2025-09-04T03:09:06.189Z  INFO 1 --- [user-service] [main] o.a.k.c.t.i.KafkaMetricsCollector        : initializing Kafka metrics collector
2025-09-04T03:09:06.572Z  INFO 1 --- [user-service] [main] o.a.kafka.common.utils.AppInfoParser     : Kafka version: 3.9.1
2025-09-04T03:09:06.574Z  INFO 1 --- [user-service] [main] o.a.kafka.common.utils.AppInfoParser     : Kafka commitId: f745dfdcee2b9851
2025-09-04T03:09:06.582Z  INFO 1 --- [user-service] [main] o.a.kafka.common.utils.AppInfoParser     : Kafka startTimeMs: 1756955346569
2025-09-04T03:09:06.593Z  INFO 1 --- [user-service] [main] o.a.k.c.c.i.ClassicKafkaConsumer         : [Consumer clientId=consumer-user-service-1, groupId=user-service] Subscribed to topic(s): user.identity
2025-09-04T03:09:06.665Z  INFO 1 --- [user-service] [main] c.w.userservice.UserServiceApplication   : Started UserServiceApplication in 30.932 seconds (process running for 36.803)
2025-09-04T03:09:08.070Z  INFO 1 --- [user-service] [org.springframework.kafka.KafkaListenerEndpointContainer#0-0-C-1] org.apache.kafka.clients.Metadata        : [Consumer clientId=consumer-user-service-1, groupId=user-service] Cluster ID: redpanda.52407a7b-05e1-4bc9-b7ec-5990f5fde757
2025-09-04T03:09:08.073Z  INFO 1 --- [user-service] [org.springframework.kafka.KafkaListenerEndpointContainer#0-0-C-1] o.a.k.c.c.internals.ConsumerCoordinator  : [Consumer clientId=consumer-user-service-1, groupId=user-service] Discovered group coordinator redpanda:9092 (id: 2147483647 rack: null)
2025-09-04T03:09:08.079Z  INFO 1 --- [user-service] [org.springframework.kafka.KafkaListenerEndpointContainer#0-0-C-1] o.a.k.c.c.internals.ConsumerCoordinator  : [Consumer clientId=consumer-user-service-1, groupId=user-service] (Re-)joining group
2025-09-04T03:09:08.129Z  INFO 1 --- [user-service] [org.springframework.kafka.KafkaListenerEndpointContainer#0-0-C-1] o.a.k.c.c.internals.ConsumerCoordinator  : [Consumer clientId=consumer-user-service-1, groupId=user-service] Request joining group due to: need to re-join with the given member-id: consumer-user-service-1-b618e7a1-f059-4513-9dc3-7c633d4bf799
2025-09-04T03:09:08.130Z  INFO 1 --- [user-service] [org.springframework.kafka.KafkaListenerEndpointContainer#0-0-C-1] o.a.k.c.c.internals.ConsumerCoordinator  : [Consumer clientId=consumer-user-service-1, groupId=user-service] (Re-)joining group
2025-09-04T03:09:08.134Z  INFO 1 --- [user-service] [org.springframework.kafka.KafkaListenerEndpointContainer#0-0-C-1] o.a.k.c.c.internals.ConsumerCoordinator  : [Consumer clientId=consumer-user-service-1, groupId=user-service] Successfully joined group with generation Generation{generationId=1, memberId='consumer-user-service-1-b618e7a1-f059-4513-9dc3-7c633d4bf799', protocol='range'}
2025-09-04T03:09:08.146Z  INFO 1 --- [user-service] [org.springframework.kafka.KafkaListenerEndpointContainer#0-0-C-1] o.a.k.c.c.internals.ConsumerCoordinator  : [Consumer clientId=consumer-user-service-1, groupId=user-service] Finished assignment for group at generation 1: {consumer-user-service-1-b618e7a1-f059-4513-9dc3-7c633d4bf799=Assignment(partitions=[user.identity-0])}
2025-09-04T03:09:08.157Z  INFO 1 --- [user-service] [org.springframework.kafka.KafkaListenerEndpointContainer#0-0-C-1] o.a.k.c.c.internals.ConsumerCoordinator  : [Consumer clientId=consumer-user-service-1, groupId=user-service] Successfully synced group in generation Generation{generationId=1, memberId='consumer-user-service-1-b618e7a1-f059-4513-9dc3-7c633d4bf799', protocol='range'}
2025-09-04T03:09:08.160Z  INFO 1 --- [user-service] [org.springframework.kafka.KafkaListenerEndpointContainer#0-0-C-1] o.a.k.c.c.internals.ConsumerCoordinator  : [Consumer clientId=consumer-user-service-1, groupId=user-service] Notifying assignor about the new Assignment(partitions=[user.identity-0])
2025-09-04T03:09:08.166Z  INFO 1 --- [user-service] [org.springframework.kafka.KafkaListenerEndpointContainer#0-0-C-1] k.c.c.i.ConsumerRebalanceListenerInvoker : [Consumer clientId=consumer-user-service-1, groupId=user-service] Adding newly assigned partitions: user.identity-0
2025-09-04T03:09:08.180Z  INFO 1 --- [user-service] [org.springframework.kafka.KafkaListenerEndpointContainer#0-0-C-1] o.a.k.c.c.internals.ConsumerCoordinator  : [Consumer clientId=consumer-user-service-1, groupId=user-service] Found no committed offset for partition user.identity-0
2025-09-04T03:09:08.208Z  INFO 1 --- [user-service] [org.springframework.kafka.KafkaListenerEndpointContainer#0-0-C-1] o.a.k.c.c.internals.SubscriptionState    : [Consumer clientId=consumer-user-service-1, groupId=user-service] Resetting offset for partition user.identity-0 to position FetchPosition{offset=0, offsetEpoch=Optional.empty, currentLeader=LeaderAndEpoch{leader=Optional[redpanda:9092 (id: 0 rack: null)], epoch=absent}}.
2025-09-04T03:09:08.211Z  INFO 1 --- [user-service] [org.springframework.kafka.KafkaListenerEndpointContainer#0-0-C-1] o.s.k.l.KafkaMessageListenerContainer    : user-service: partitions assigned: [user.identity-0]
2025-09-04T03:11:26.462Z ERROR 1 --- [user-service] [org.springframework.kafka.KafkaListenerEndpointContainer#0-0-C-1] o.s.kafka.listener.DefaultErrorHandler   : Backoff FixedBackOff{interval=0, currentAttempts=1, maxAttempts=0} exhausted for user.identity-0@0

org.springframework.kafka.listener.ListenerExecutionFailedException: Listener method could not be invoked with the incoming message
Endpoint handler details:
Method [public void com.womensafety.userservice.kafka.UserCreatedConsumer.consume(com.womensafety.userservice.event.UserCreatedEvent)]
Bean [com.womensafety.userservice.kafka.UserCreatedConsumer@2784145d]
	at org.springframework.kafka.listener.KafkaMessageListenerContainer$ListenerConsumer.decorateException(KafkaMessageListenerContainer.java:2994) ~[spring-kafka-3.3.9.jar!/:3.3.9]
	at org.springframework.kafka.listener.KafkaMessageListenerContainer$ListenerConsumer.doInvokeOnMessage(KafkaMessageListenerContainer.java:2901) ~[spring-kafka-3.3.9.jar!/:3.3.9]
	at org.springframework.kafka.listener.KafkaMessageListenerContainer$ListenerConsumer.invokeOnMessage(KafkaMessageListenerContainer.java:2865) ~[spring-kafka-3.3.9.jar!/:3.3.9]
	at org.springframework.kafka.listener.KafkaMessageListenerContainer$ListenerConsumer.doInvokeRecordListener(KafkaMessageListenerContainer.java:2777) ~[spring-kafka-3.3.9.jar!/:3.3.9]
	at org.springframework.kafka.listener.KafkaMessageListenerContainer$ListenerConsumer.doInvokeWithRecords(KafkaMessageListenerContainer.java:2614) ~[spring-kafka-3.3.9.jar!/:3.3.9]
	at org.springframework.kafka.listener.KafkaMessageListenerContainer$ListenerConsumer.invokeRecordListener(KafkaMessageListenerContainer.java:2503) ~[spring-kafka-3.3.9.jar!/:3.3.9]
	at org.springframework.kafka.listener.KafkaMessageListenerContainer$ListenerConsumer.invokeListener(KafkaMessageListenerContainer.java:2152) ~[spring-kafka-3.3.9.jar!/:3.3.9]
	at org.springframework.kafka.listener.KafkaMessageListenerContainer$ListenerConsumer.invokeIfHaveRecords(KafkaMessageListenerContainer.java:1528) ~[spring-kafka-3.3.9.jar!/:3.3.9]
	at org.springframework.kafka.listener.KafkaMessageListenerContainer$ListenerConsumer.pollAndInvoke(KafkaMessageListenerContainer.java:1466) ~[spring-kafka-3.3.9.jar!/:3.3.9]
	at org.springframework.kafka.listener.KafkaMessageListenerContainer$ListenerConsumer.run(KafkaMessageListenerContainer.java:1335) ~[spring-kafka-3.3.9.jar!/:3.3.9]
	at java.base/java.util.concurrent.CompletableFuture$AsyncRun.run(CompletableFuture.java:1804) ~[na:na]
	at java.base/java.lang.Thread.run(Thread.java:833) ~[na:na]
	Suppressed: org.springframework.kafka.listener.ListenerExecutionFailedException: Restored Stack Trace
		at org.springframework.kafka.listener.adapter.MessagingMessageListenerAdapter.checkAckArg(MessagingMessageListenerAdapter.java:500) ~[spring-kafka-3.3.9.jar!/:3.3.9]
		at org.springframework.kafka.listener.adapter.MessagingMessageListenerAdapter.invokeHandler(MessagingMessageListenerAdapter.java:479) ~[spring-kafka-3.3.9.jar!/:3.3.9]
		at org.springframework.kafka.listener.adapter.MessagingMessageListenerAdapter.invoke(MessagingMessageListenerAdapter.java:421) ~[spring-kafka-3.3.9.jar!/:3.3.9]
		at org.springframework.kafka.listener.adapter.RecordMessagingMessageListenerAdapter.onMessage(RecordMessagingMessageListenerAdapter.java:85) ~[spring-kafka-3.3.9.jar!/:3.3.9]
		at org.springframework.kafka.listener.adapter.RecordMessagingMessageListenerAdapter.onMessage(RecordMessagingMessageListenerAdapter.java:50) ~[spring-kafka-3.3.9.jar!/:3.3.9]
		at org.springframework.kafka.listener.KafkaMessageListenerContainer$ListenerConsumer.doInvokeOnMessage(KafkaMessageListenerContainer.java:2887) ~[spring-kafka-3.3.9.jar!/:3.3.9]
Caused by: org.springframework.messaging.converter.MessageConversionException: Cannot handle message
	at org.springframework.kafka.listener.adapter.MessagingMessageListenerAdapter.invokeHandler(MessagingMessageListenerAdapter.java:479) ~[spring-kafka-3.3.9.jar!/:3.3.9]
	at org.springframework.kafka.listener.adapter.MessagingMessageListenerAdapter.invoke(MessagingMessageListenerAdapter.java:421) ~[spring-kafka-3.3.9.jar!/:3.3.9]
	at org.springframework.kafka.listener.adapter.RecordMessagingMessageListenerAdapter.onMessage(RecordMessagingMessageListenerAdapter.java:85) ~[spring-kafka-3.3.9.jar!/:3.3.9]
	at org.springframework.kafka.listener.adapter.RecordMessagingMessageListenerAdapter.onMessage(RecordMessagingMessageListenerAdapter.java:50) ~[spring-kafka-3.3.9.jar!/:3.3.9]
	at org.springframework.kafka.listener.KafkaMessageListenerContainer$ListenerConsumer.doInvokeOnMessage(KafkaMessageListenerContainer.java:2887) ~[spring-kafka-3.3.9.jar!/:3.3.9]
	... 10 common frames omitted
Caused by: org.springframework.messaging.converter.MessageConversionException: Cannot convert from [java.lang.String] to [com.womensafety.userservice.event.UserCreatedEvent] for GenericMessage [payload={"userId":2,"email":"sugamR@gm.com","username":"Sugam","verified":false}, headers={kafka_offset=0, kafka_consumer=org.springframework.kafka.core.DefaultKafkaConsumerFactory$ExtendedKafkaConsumer@7129ab61, kafka_timestampType=CREATE_TIME, kafka_receivedPartitionId=0, kafka_receivedTopic=user.identity, kafka_receivedTimestamp=1756955486012, __TypeId__=[B@1f11ad71, kafka_groupId=user-service}]
	at org.springframework.messaging.handler.annotation.support.PayloadMethodArgumentResolver.resolveArgument(PayloadMethodArgumentResolver.java:151) ~[spring-messaging-6.2.10.jar!/:6.2.10]
	at org.springframework.kafka.listener.adapter.KafkaNullAwarePayloadArgumentResolver.resolveArgument(KafkaNullAwarePayloadArgumentResolver.java:48) ~[spring-kafka-3.3.9.jar!/:3.3.9]
	at org.springframework.messaging.handler.invocation.HandlerMethodArgumentResolverComposite.resolveArgument(HandlerMethodArgumentResolverComposite.java:118) ~[spring-messaging-6.2.10.jar!/:6.2.10]
	at org.springframework.messaging.handler.invocation.InvocableHandlerMethod.getMethodArgumentValues(InvocableHandlerMethod.java:147) ~[spring-messaging-6.2.10.jar!/:6.2.10]
	at org.springframework.messaging.handler.invocation.InvocableHandlerMethod.invoke(InvocableHandlerMethod.java:115) ~[spring-messaging-6.2.10.jar!/:6.2.10]
	at org.springframework.kafka.listener.adapter.HandlerAdapter.invoke(HandlerAdapter.java:78) ~[spring-kafka-3.3.9.jar!/:3.3.9]
	at org.springframework.kafka.listener.adapter.MessagingMessageListenerAdapter.invokeHandler(MessagingMessageListenerAdapter.java:475) ~[spring-kafka-3.3.9.jar!/:3.3.9]
	... 14 common frames omitted

2025-09-04T03:33:27.880Z  INFO 1 --- [user-service] [org.springframework.kafka.KafkaListenerEndpointContainer#0-0-C-1] k.c.c.i.ConsumerRebalanceListenerInvoker : [Consumer clientId=consumer-user-service-1, groupId=user-service] Revoke previously assigned partitions user.identity-0
2025-09-04T03:33:27.892Z  INFO 1 --- [user-service] [org.springframework.kafka.KafkaListenerEndpointContainer#0-0-C-1] o.s.k.l.KafkaMessageListenerContainer    : user-service: partitions revoked: [user.identity-0]
2025-09-04T03:33:27.897Z  INFO 1 --- [user-service] [org.springframework.kafka.KafkaListenerEndpointContainer#0-0-C-1] o.a.k.c.c.internals.ConsumerCoordinator  : [Consumer clientId=consumer-user-service-1, groupId=user-service] Member consumer-user-service-1-b618e7a1-f059-4513-9dc3-7c633d4bf799 sending LeaveGroup request to coordinator redpanda:9092 (id: 2147483647 rack: null) due to the consumer unsubscribed from all topics
2025-09-04T03:33:27.907Z  INFO 1 --- [user-service] [org.springframework.kafka.KafkaListenerEndpointContainer#0-0-C-1] o.a.k.c.c.internals.ConsumerCoordinator  : [Consumer clientId=consumer-user-service-1, groupId=user-service] Resetting generation and member id due to: consumer pro-actively leaving the group
2025-09-04T03:33:27.908Z  INFO 1 --- [user-service] [org.springframework.kafka.KafkaListenerEndpointContainer#0-0-C-1] o.a.k.c.c.internals.ConsumerCoordinator  : [Consumer clientId=consumer-user-service-1, groupId=user-service] Request joining group due to: consumer pro-actively leaving the group
2025-09-04T03:33:27.911Z  INFO 1 --- [user-service] [org.springframework.kafka.KafkaListenerEndpointContainer#0-0-C-1] o.a.k.c.c.i.ClassicKafkaConsumer         : [Consumer clientId=consumer-user-service-1, groupId=user-service] Unsubscribed all topics or patterns and assigned partitions
2025-09-04T03:33:27.919Z  INFO 1 --- [user-service] [org.springframework.kafka.KafkaListenerEndpointContainer#0-0-C-1] o.a.k.c.c.internals.ConsumerCoordinator  : [Consumer clientId=consumer-user-service-1, groupId=user-service] Resetting generation and member id due to: consumer pro-actively leaving the group
2025-09-04T03:33:27.924Z  INFO 1 --- [user-service] [org.springframework.kafka.KafkaListenerEndpointContainer#0-0-C-1] o.a.k.c.c.internals.ConsumerCoordinator  : [Consumer clientId=consumer-user-service-1, groupId=user-service] Request joining group due to: consumer pro-actively leaving the group
2025-09-04T03:33:28.526Z  INFO 1 --- [user-service] [org.springframework.kafka.KafkaListenerEndpointContainer#0-0-C-1] o.apache.kafka.common.metrics.Metrics    : Metrics scheduler closed
2025-09-04T03:33:28.527Z  INFO 1 --- [user-service] [org.springframework.kafka.KafkaListenerEndpointContainer#0-0-C-1] o.apache.kafka.common.metrics.Metrics    : Closing reporter org.apache.kafka.common.metrics.JmxReporter
2025-09-04T03:33:28.530Z  INFO 1 --- [user-service] [org.springframework.kafka.KafkaListenerEndpointContainer#0-0-C-1] o.apache.kafka.common.metrics.Metrics    : Closing reporter org.apache.kafka.common.telemetry.internals.ClientTelemetryReporter
2025-09-04T03:33:28.532Z  INFO 1 --- [user-service] [org.springframework.kafka.KafkaListenerEndpointContainer#0-0-C-1] o.apache.kafka.common.metrics.Metrics    : Metrics reporters closed
2025-09-04T03:33:28.559Z  INFO 1 --- [user-service] [org.springframework.kafka.KafkaListenerEndpointContainer#0-0-C-1] o.a.kafka.common.utils.AppInfoParser     : App info kafka.consumer for consumer-user-service-1 unregistered
2025-09-04T03:33:28.562Z  INFO 1 --- [user-service] [org.springframework.kafka.KafkaListenerEndpointContainer#0-0-C-1] o.s.k.l.KafkaMessageListenerContainer    : user-service: Consumer stopped
2025-09-04T03:33:28.575Z  INFO 1 --- [user-service] [SpringApplicationShutdownHook] o.s.b.w.e.tomcat.GracefulShutdown        : Commencing graceful shutdown. Waiting for active requests to complete
2025-09-04T03:33:28.585Z  INFO 1 --- [user-service] [tomcat-shutdown] o.s.b.w.e.tomcat.GracefulShutdown        : Graceful shutdown complete
2025-09-04T03:33:28.612Z  INFO 1 --- [user-service] [SpringApplicationShutdownHook] j.LocalContainerEntityManagerFactoryBean : Closing JPA EntityManagerFactory for persistence unit 'default'
2025-09-04T03:33:28.618Z  INFO 1 --- [user-service] [SpringApplicationShutdownHook] com.zaxxer.hikari.HikariDataSource       : HikariPool-1 - Shutdown initiated...
2025-09-04T03:33:28.658Z  INFO 1 --- [user-service] [SpringApplicationShutdownHook] com.zaxxer.hikari.HikariDataSource       : HikariPool-1 - Shutdown completed.
2025-09-04T03:34:29.127Z  INFO 1 --- [user-service] [main] c.w.userservice.UserServiceApplication   : Starting UserServiceApplication v0.0.1-SNAPSHOT using Java 17.0.2 with PID 1 (/app.jar started by root in /)
2025-09-04T03:34:29.147Z  INFO 1 --- [user-service] [main] c.w.userservice.UserServiceApplication   : The following 1 profile is active: "docker"
2025-09-04T03:34:36.714Z  INFO 1 --- [user-service] [main] .s.d.r.c.RepositoryConfigurationDelegate : Bootstrapping Spring Data JPA repositories in DEFAULT mode.
2025-09-04T03:34:37.141Z  INFO 1 --- [user-service] [main] .s.d.r.c.RepositoryConfigurationDelegate : Finished Spring Data repository scanning in 380 ms. Found 2 JPA repository interfaces.
2025-09-04T03:34:42.027Z  INFO 1 --- [user-service] [main] o.s.b.w.embedded.tomcat.TomcatWebServer  : Tomcat initialized with port 8082 (http)
2025-09-04T03:34:42.246Z  INFO 1 --- [user-service] [main] o.apache.catalina.core.StandardService   : Starting service [Tomcat]
2025-09-04T03:34:42.257Z  INFO 1 --- [user-service] [main] o.apache.catalina.core.StandardEngine    : Starting Servlet engine: [Apache Tomcat/10.1.44]
2025-09-04T03:34:42.694Z  INFO 1 --- [user-service] [main] o.a.c.c.C.[Tomcat].[localhost].[/]       : Initializing Spring embedded WebApplicationContext
2025-09-04T03:34:42.702Z  INFO 1 --- [user-service] [main] w.s.c.ServletWebServerApplicationContext : Root WebApplicationContext: initialization completed in 12955 ms
2025-09-04T03:34:44.044Z  INFO 1 --- [user-service] [main] o.hibernate.jpa.internal.util.LogHelper  : HHH000204: Processing PersistenceUnitInfo [name: default]
2025-09-04T03:34:44.458Z  INFO 1 --- [user-service] [main] org.hibernate.Version                    : HHH000412: Hibernate ORM core version 6.6.26.Final
2025-09-04T03:34:44.730Z  INFO 1 --- [user-service] [main] o.h.c.internal.RegionFactoryInitiator    : HHH000026: Second-level cache disabled
2025-09-04T03:34:47.266Z  INFO 1 --- [user-service] [main] o.s.o.j.p.SpringPersistenceUnitInfo      : No LoadTimeWeaver setup: ignoring JPA class transformer
2025-09-04T03:34:47.419Z  INFO 1 --- [user-service] [main] com.zaxxer.hikari.HikariDataSource       : HikariPool-1 - Starting...
2025-09-04T03:34:48.942Z  WARN 1 --- [user-service] [main] o.h.engine.jdbc.spi.SqlExceptionHelper   : SQL Error: 0, SQLState: 08S01
2025-09-04T03:34:48.956Z ERROR 1 --- [user-service] [main] o.h.engine.jdbc.spi.SqlExceptionHelper   : Communications link failure

The last packet sent successfully to the server was 0 milliseconds ago. The driver has not received any packets from the server.
2025-09-04T03:34:48.962Z  WARN 1 --- [user-service] [main] o.h.e.j.e.i.JdbcEnvironmentInitiator     : HHH000342: Could not obtain connection to query metadata

org.hibernate.exception.JDBCConnectionException: unable to obtain isolated JDBC connection [Communications link failure

The last packet sent successfully to the server was 0 milliseconds ago. The driver has not received any packets from the server.] [n/a]
	at org.hibernate.exception.internal.SQLStateConversionDelegate.convert(SQLStateConversionDelegate.java:100) ~[hibernate-core-6.6.26.Final.jar!/:6.6.26.Final]
	at org.hibernate.exception.internal.StandardSQLExceptionConverter.convert(StandardSQLExceptionConverter.java:58) ~[hibernate-core-6.6.26.Final.jar!/:6.6.26.Final]
	at org.hibernate.engine.jdbc.spi.SqlExceptionHelper.convert(SqlExceptionHelper.java:108) ~[hibernate-core-6.6.26.Final.jar!/:6.6.26.Final]
	at org.hibernate.engine.jdbc.spi.SqlExceptionHelper.convert(SqlExceptionHelper.java:94) ~[hibernate-core-6.6.26.Final.jar!/:6.6.26.Final]
	at org.hibernate.resource.transaction.backend.jdbc.internal.JdbcIsolationDelegate.delegateWork(JdbcIsolationDelegate.java:116) ~[hibernate-core-6.6.26.Final.jar!/:6.6.26.Final]
	at org.hibernate.engine.jdbc.env.internal.JdbcEnvironmentInitiator.getJdbcEnvironmentUsingJdbcMetadata(JdbcEnvironmentInitiator.java:334) ~[hibernate-core-6.6.26.Final.jar!/:6.6.26.Final]
	at org.hibernate.engine.jdbc.env.internal.JdbcEnvironmentInitiator.initiateService(JdbcEnvironmentInitiator.java:129) ~[hibernate-core-6.6.26.Final.jar!/:6.6.26.Final]
	at org.hibernate.engine.jdbc.env.internal.JdbcEnvironmentInitiator.initiateService(JdbcEnvironmentInitiator.java:81) ~[hibernate-core-6.6.26.Final.jar!/:6.6.26.Final]
	at org.hibernate.boot.registry.internal.StandardServiceRegistryImpl.initiateService(StandardServiceRegistryImpl.java:130) ~[hibernate-core-6.6.26.Final.jar!/:6.6.26.Final]
	at org.hibernate.service.internal.AbstractServiceRegistryImpl.createService(AbstractServiceRegistryImpl.java:263) ~[hibernate-core-6.6.26.Final.jar!/:6.6.26.Final]
	at org.hibernate.service.internal.AbstractServiceRegistryImpl.initializeService(AbstractServiceRegistryImpl.java:238) ~[hibernate-core-6.6.26.Final.jar!/:6.6.26.Final]
	at org.hibernate.service.internal.AbstractServiceRegistryImpl.getService(AbstractServiceRegistryImpl.java:215) ~[hibernate-core-6.6.26.Final.jar!/:6.6.26.Final]
	at org.hibernate.boot.model.relational.Database.<init>(Database.java:45) ~[hibernate-core-6.6.26.Final.jar!/:6.6.26.Final]
	at org.hibernate.boot.internal.InFlightMetadataCollectorImpl.getDatabase(InFlightMetadataCollectorImpl.java:226) ~[hibernate-core-6.6.26.Final.jar!/:6.6.26.Final]
	at org.hibernate.boot.internal.InFlightMetadataCollectorImpl.<init>(InFlightMetadataCollectorImpl.java:194) ~[hibernate-core-6.6.26.Final.jar!/:6.6.26.Final]
	at org.hibernate.boot.model.process.spi.MetadataBuildingProcess.complete(MetadataBuildingProcess.java:171) ~[hibernate-core-6.6.26.Final.jar!/:6.6.26.Final]
	at org.hibernate.jpa.boot.internal.EntityManagerFactoryBuilderImpl.metadata(EntityManagerFactoryBuilderImpl.java:1442) ~[hibernate-core-6.6.26.Final.jar!/:6.6.26.Final]
	at org.hibernate.jpa.boot.internal.EntityManagerFactoryBuilderImpl.build(EntityManagerFactoryBuilderImpl.java:1513) ~[hibernate-core-6.6.26.Final.jar!/:6.6.26.Final]
	at org.springframework.orm.jpa.vendor.SpringHibernateJpaPersistenceProvider.createContainerEntityManagerFactory(SpringHibernateJpaPersistenceProvider.java:66) ~[spring-orm-6.2.10.jar!/:6.2.10]
	at org.springframework.orm.jpa.LocalContainerEntityManagerFactoryBean.createNativeEntityManagerFactory(LocalContainerEntityManagerFactoryBean.java:390) ~[spring-orm-6.2.10.jar!/:6.2.10]
	at org.springframework.orm.jpa.AbstractEntityManagerFactoryBean.buildNativeEntityManagerFactory(AbstractEntityManagerFactoryBean.java:419) ~[spring-orm-6.2.10.jar!/:6.2.10]
	at org.springframework.orm.jpa.AbstractEntityManagerFactoryBean.afterPropertiesSet(AbstractEntityManagerFactoryBean.java:400) ~[spring-orm-6.2.10.jar!/:6.2.10]
	at org.springframework.orm.jpa.LocalContainerEntityManagerFactoryBean.afterPropertiesSet(LocalContainerEntityManagerFactoryBean.java:366) ~[spring-orm-6.2.10.jar!/:6.2.10]
	at org.springframework.beans.factory.support.AbstractAutowireCapableBeanFactory.invokeInitMethods(AbstractAutowireCapableBeanFactory.java:1873) ~[spring-beans-6.2.10.jar!/:6.2.10]
	at org.springframework.beans.factory.support.AbstractAutowireCapableBeanFactory.initializeBean(AbstractAutowireCapableBeanFactory.java:1822) ~[spring-beans-6.2.10.jar!/:6.2.10]
	at org.springframework.beans.factory.support.AbstractAutowireCapableBeanFactory.doCreateBean(AbstractAutowireCapableBeanFactory.java:607) ~[spring-beans-6.2.10.jar!/:6.2.10]
	at org.springframework.beans.factory.support.AbstractAutowireCapableBeanFactory.createBean(AbstractAutowireCapableBeanFactory.java:529) ~[spring-beans-6.2.10.jar!/:6.2.10]
	at org.springframework.beans.factory.support.AbstractBeanFactory.lambda$doGetBean$0(AbstractBeanFactory.java:339) ~[spring-beans-6.2.10.jar!/:6.2.10]
	at org.springframework.beans.factory.support.DefaultSingletonBeanRegistry.getSingleton(DefaultSingletonBeanRegistry.java:373) ~[spring-beans-6.2.10.jar!/:6.2.10]
	at org.springframework.beans.factory.support.AbstractBeanFactory.doGetBean(AbstractBeanFactory.java:337) ~[spring-beans-6.2.10.jar!/:6.2.10]
	at org.springframework.beans.factory.support.AbstractBeanFactory.getBean(AbstractBeanFactory.java:207) ~[spring-beans-6.2.10.jar!/:6.2.10]
	at org.springframework.context.support.AbstractApplicationContext.finishBeanFactoryInitialization(AbstractApplicationContext.java:970) ~[spring-context-6.2.10.jar!/:6.2.10]
	at org.springframework.context.support.AbstractApplicationContext.refresh(AbstractApplicationContext.java:627) ~[spring-context-6.2.10.jar!/:6.2.10]
	at org.springframework.boot.web.servlet.context.ServletWebServerApplicationContext.refresh(ServletWebServerApplicationContext.java:146) ~[spring-boot-3.5.5.jar!/:3.5.5]
	at org.springframework.boot.SpringApplication.refresh(SpringApplication.java:752) ~[spring-boot-3.5.5.jar!/:3.5.5]
	at org.springframework.boot.SpringApplication.refreshContext(SpringApplication.java:439) ~[spring-boot-3.5.5.jar!/:3.5.5]
	at org.springframework.boot.SpringApplication.run(SpringApplication.java:318) ~[spring-boot-3.5.5.jar!/:3.5.5]
	at org.springframework.boot.SpringApplication.run(SpringApplication.java:1361) ~[spring-boot-3.5.5.jar!/:3.5.5]
	at org.springframework.boot.SpringApplication.run(SpringApplication.java:1350) ~[spring-boot-3.5.5.jar!/:3.5.5]
	at com.womensafety.userservice.UserServiceApplication.main(UserServiceApplication.java:15) ~[!/:0.0.1-SNAPSHOT]
	at java.base/jdk.internal.reflect.NativeMethodAccessorImpl.invoke0(Native Method) ~[na:na]
	at java.base/jdk.internal.reflect.NativeMethodAccessorImpl.invoke(NativeMethodAccessorImpl.java:77) ~[na:na]
	at java.base/jdk.internal.reflect.DelegatingMethodAccessorImpl.invoke(DelegatingMethodAccessorImpl.java:43) ~[na:na]
	at java.base/java.lang.reflect.Method.invoke(Method.java:568) ~[na:na]
	at org.springframework.boot.loader.launch.Launcher.launch(Launcher.java:102) ~[app.jar:0.0.1-SNAPSHOT]
	at org.springframework.boot.loader.launch.Launcher.launch(Launcher.java:64) ~[app.jar:0.0.1-SNAPSHOT]
	at org.springframework.boot.loader.launch.JarLauncher.main(JarLauncher.java:40) ~[app.jar:0.0.1-SNAPSHOT]
Caused by: com.mysql.cj.jdbc.exceptions.CommunicationsException: Communications link failure

The last packet sent successfully to the server was 0 milliseconds ago. The driver has not received any packets from the server.
	at com.mysql.cj.jdbc.exceptions.SQLError.createCommunicationsException(SQLError.java:165) ~[mysql-connector-j-9.4.0.jar!/:9.4.0]
	at com.mysql.cj.jdbc.exceptions.SQLExceptionsMapping.translateException(SQLExceptionsMapping.java:55) ~[mysql-connector-j-9.4.0.jar!/:9.4.0]
	at com.mysql.cj.jdbc.ConnectionImpl.createNewIO(ConnectionImpl.java:839) ~[mysql-connector-j-9.4.0.jar!/:9.4.0]
	at com.mysql.cj.jdbc.ConnectionImpl.<init>(ConnectionImpl.java:415) ~[mysql-connector-j-9.4.0.jar!/:9.4.0]
	at com.mysql.cj.jdbc.ConnectionImpl.getInstance(ConnectionImpl.java:237) ~[mysql-connector-j-9.4.0.jar!/:9.4.0]
	at com.mysql.cj.jdbc.NonRegisteringDriver.connect(NonRegisteringDriver.java:180) ~[mysql-connector-j-9.4.0.jar!/:9.4.0]
	at com.zaxxer.hikari.util.DriverDataSource.getConnection(DriverDataSource.java:144) ~[HikariCP-6.3.2.jar!/:na]
	at com.zaxxer.hikari.pool.PoolBase.newConnection(PoolBase.java:370) ~[HikariCP-6.3.2.jar!/:na]
	at com.zaxxer.hikari.pool.PoolBase.newPoolEntry(PoolBase.java:207) ~[HikariCP-6.3.2.jar!/:na]
	at com.zaxxer.hikari.pool.HikariPool.createPoolEntry(HikariPool.java:488) ~[HikariCP-6.3.2.jar!/:na]
	at com.zaxxer.hikari.pool.HikariPool.checkFailFast(HikariPool.java:576) ~[HikariCP-6.3.2.jar!/:na]
	at com.zaxxer.hikari.pool.HikariPool.<init>(HikariPool.java:97) ~[HikariCP-6.3.2.jar!/:na]
	at com.zaxxer.hikari.HikariDataSource.getConnection(HikariDataSource.java:111) ~[HikariCP-6.3.2.jar!/:na]
	at org.hibernate.engine.jdbc.connections.internal.DatasourceConnectionProviderImpl.getConnection(DatasourceConnectionProviderImpl.java:126) ~[hibernate-core-6.6.26.Final.jar!/:6.6.26.Final]
	at org.hibernate.engine.jdbc.env.internal.JdbcEnvironmentInitiator$ConnectionProviderJdbcConnectionAccess.obtainConnection(JdbcEnvironmentInitiator.java:485) ~[hibernate-core-6.6.26.Final.jar!/:6.6.26.Final]
	at org.hibernate.resource.transaction.backend.jdbc.internal.JdbcIsolationDelegate.delegateWork(JdbcIsolationDelegate.java:61) ~[hibernate-core-6.6.26.Final.jar!/:6.6.26.Final]
	... 42 common frames omitted
Caused by: com.mysql.cj.exceptions.CJCommunicationsException: Communications link failure

The last packet sent successfully to the server was 0 milliseconds ago. The driver has not received any packets from the server.
	at java.base/jdk.internal.reflect.NativeConstructorAccessorImpl.newInstance0(Native Method) ~[na:na]
	at java.base/jdk.internal.reflect.NativeConstructorAccessorImpl.newInstance(NativeConstructorAccessorImpl.java:77) ~[na:na]
	at java.base/jdk.internal.reflect.DelegatingConstructorAccessorImpl.newInstance(DelegatingConstructorAccessorImpl.java:45) ~[na:na]
	at java.base/java.lang.reflect.Constructor.newInstanceWithCaller(Constructor.java:499) ~[na:na]
	at java.base/java.lang.reflect.Constructor.newInstance(Constructor.java:480) ~[na:na]
	at com.mysql.cj.exceptions.ExceptionFactory.createException(ExceptionFactory.java:52) ~[mysql-connector-j-9.4.0.jar!/:9.4.0]
	at com.mysql.cj.exceptions.ExceptionFactory.createException(ExceptionFactory.java:95) ~[mysql-connector-j-9.4.0.jar!/:9.4.0]
	at com.mysql.cj.exceptions.ExceptionFactory.createException(ExceptionFactory.java:140) ~[mysql-connector-j-9.4.0.jar!/:9.4.0]
	at com.mysql.cj.exceptions.ExceptionFactory.createCommunicationsException(ExceptionFactory.java:156) ~[mysql-connector-j-9.4.0.jar!/:9.4.0]
	at com.mysql.cj.protocol.a.NativeSocketConnection.connect(NativeSocketConnection.java:79) ~[mysql-connector-j-9.4.0.jar!/:9.4.0]
	at com.mysql.cj.NativeSession.connect(NativeSession.java:142) ~[mysql-connector-j-9.4.0.jar!/:9.4.0]
	at com.mysql.cj.jdbc.ConnectionImpl.connectOneTryOnly(ConnectionImpl.java:963) ~[mysql-connector-j-9.4.0.jar!/:9.4.0]
	at com.mysql.cj.jdbc.ConnectionImpl.createNewIO(ConnectionImpl.java:827) ~[mysql-connector-j-9.4.0.jar!/:9.4.0]
	... 55 common frames omitted
Caused by: java.net.ConnectException: Connection refused
	at java.base/sun.nio.ch.Net.pollConnect(Native Method) ~[na:na]
	at java.base/sun.nio.ch.Net.pollConnectNow(Net.java:672) ~[na:na]
	at java.base/sun.nio.ch.NioSocketImpl.timedFinishConnect(NioSocketImpl.java:542) ~[na:na]
	at java.base/sun.nio.ch.NioSocketImpl.connect(NioSocketImpl.java:597) ~[na:na]
	at java.base/java.net.SocksSocketImpl.connect(SocksSocketImpl.java:327) ~[na:na]
	at java.base/java.net.Socket.connect(Socket.java:633) ~[na:na]
	at com.mysql.cj.protocol.StandardSocketFactory.connect(StandardSocketFactory.java:144) ~[mysql-connector-j-9.4.0.jar!/:9.4.0]
	at com.mysql.cj.protocol.a.NativeSocketConnection.connect(NativeSocketConnection.java:53) ~[mysql-connector-j-9.4.0.jar!/:9.4.0]
	... 58 common frames omitted

2025-09-04T03:34:49.119Z  WARN 1 --- [user-service] [main] org.hibernate.orm.deprecation            : HHH90000025: MySQL8Dialect does not need to be specified explicitly using 'hibernate.dialect' (remove the property setting and it will be selected by default)
2025-09-04T03:34:49.127Z  WARN 1 --- [user-service] [main] org.hibernate.orm.deprecation            : HHH90000026: MySQL8Dialect has been deprecated; use org.hibernate.dialect.MySQLDialect instead
2025-09-04T03:34:49.185Z  INFO 1 --- [user-service] [main] org.hibernate.orm.connections.pooling    : HHH10001005: Database info:
	Database JDBC URL [Connecting through datasource 'HikariDataSource (null)']
	Database driver: undefined/unknown
	Database version: 8.0
	Autocommit mode: undefined/unknown
	Isolation level: undefined/unknown
	Minimum pool size: undefined/unknown
	Maximum pool size: undefined/unknown
2025-09-04T03:34:52.809Z  INFO 1 --- [user-service] [main] o.h.e.t.j.p.i.JtaPlatformInitiator       : HHH000489: No JTA platform available (set 'hibernate.transaction.jta.platform' to enable JTA platform integration)
2025-09-04T03:34:52.897Z  INFO 1 --- [user-service] [main] com.zaxxer.hikari.HikariDataSource       : HikariPool-1 - Starting...
2025-09-04T03:34:53.912Z  WARN 1 --- [user-service] [main] o.h.engine.jdbc.spi.SqlExceptionHelper   : SQL Error: 0, SQLState: 08S01
2025-09-04T03:34:53.914Z ERROR 1 --- [user-service] [main] o.h.engine.jdbc.spi.SqlExceptionHelper   : Communications link failure

The last packet sent successfully to the server was 0 milliseconds ago. The driver has not received any packets from the server.
2025-09-04T03:34:53.934Z ERROR 1 --- [user-service] [main] j.LocalContainerEntityManagerFactoryBean : Failed to initialize JPA EntityManagerFactory: [PersistenceUnit: default] Unable to build Hibernate SessionFactory; nested exception is org.hibernate.exception.JDBCConnectionException: Unable to open JDBC Connection for DDL execution [Communications link failure

The last packet sent successfully to the server was 0 milliseconds ago. The driver has not received any packets from the server.] [n/a]
2025-09-04T03:34:53.938Z  WARN 1 --- [user-service] [main] ConfigServletWebServerApplicationContext : Exception encountered during context initialization - cancelling refresh attempt: org.springframework.beans.factory.BeanCreationException: Error creating bean with name 'entityManagerFactory' defined in class path resource [org/springframework/boot/autoconfigure/orm/jpa/HibernateJpaConfiguration.class]: [PersistenceUnit: default] Unable to build Hibernate SessionFactory; nested exception is org.hibernate.exception.JDBCConnectionException: Unable to open JDBC Connection for DDL execution [Communications link failure

The last packet sent successfully to the server was 0 milliseconds ago. The driver has not received any packets from the server.] [n/a]
2025-09-04T03:34:53.948Z  INFO 1 --- [user-service] [main] o.apache.catalina.core.StandardService   : Stopping service [Tomcat]
2025-09-04T03:34:54.011Z  INFO 1 --- [user-service] [main] .s.b.a.l.ConditionEvaluationReportLogger : 

Error starting ApplicationContext. To display the condition evaluation report re-run your application with 'debug' enabled.
2025-09-04T03:34:54.088Z ERROR 1 --- [user-service] [main] o.s.boot.SpringApplication               : Application run failed

org.springframework.beans.factory.BeanCreationException: Error creating bean with name 'entityManagerFactory' defined in class path resource [org/springframework/boot/autoconfigure/orm/jpa/HibernateJpaConfiguration.class]: [PersistenceUnit: default] Unable to build Hibernate SessionFactory; nested exception is org.hibernate.exception.JDBCConnectionException: Unable to open JDBC Connection for DDL execution [Communications link failure

The last packet sent successfully to the server was 0 milliseconds ago. The driver has not received any packets from the server.] [n/a]
	at org.springframework.beans.factory.support.AbstractAutowireCapableBeanFactory.initializeBean(AbstractAutowireCapableBeanFactory.java:1826) ~[spring-beans-6.2.10.jar!/:6.2.10]
	at org.springframework.beans.factory.support.AbstractAutowireCapableBeanFactory.doCreateBean(AbstractAutowireCapableBeanFactory.java:607) ~[spring-beans-6.2.10.jar!/:6.2.10]
	at org.springframework.beans.factory.support.AbstractAutowireCapableBeanFactory.createBean(AbstractAutowireCapableBeanFactory.java:529) ~[spring-beans-6.2.10.jar!/:6.2.10]
	at org.springframework.beans.factory.support.AbstractBeanFactory.lambda$doGetBean$0(AbstractBeanFactory.java:339) ~[spring-beans-6.2.10.jar!/:6.2.10]
	at org.springframework.beans.factory.support.DefaultSingletonBeanRegistry.getSingleton(DefaultSingletonBeanRegistry.java:373) ~[spring-beans-6.2.10.jar!/:6.2.10]
	at org.springframework.beans.factory.support.AbstractBeanFactory.doGetBean(AbstractBeanFactory.java:337) ~[spring-beans-6.2.10.jar!/:6.2.10]
	at org.springframework.beans.factory.support.AbstractBeanFactory.getBean(AbstractBeanFactory.java:207) ~[spring-beans-6.2.10.jar!/:6.2.10]
	at org.springframework.context.support.AbstractApplicationContext.finishBeanFactoryInitialization(AbstractApplicationContext.java:970) ~[spring-context-6.2.10.jar!/:6.2.10]
	at org.springframework.context.support.AbstractApplicationContext.refresh(AbstractApplicationContext.java:627) ~[spring-context-6.2.10.jar!/:6.2.10]
	at org.springframework.boot.web.servlet.context.ServletWebServerApplicationContext.refresh(ServletWebServerApplicationContext.java:146) ~[spring-boot-3.5.5.jar!/:3.5.5]
	at org.springframework.boot.SpringApplication.refresh(SpringApplication.java:752) ~[spring-boot-3.5.5.jar!/:3.5.5]
	at org.springframework.boot.SpringApplication.refreshContext(SpringApplication.java:439) ~[spring-boot-3.5.5.jar!/:3.5.5]
	at org.springframework.boot.SpringApplication.run(SpringApplication.java:318) ~[spring-boot-3.5.5.jar!/:3.5.5]
	at org.springframework.boot.SpringApplication.run(SpringApplication.java:1361) ~[spring-boot-3.5.5.jar!/:3.5.5]
	at org.springframework.boot.SpringApplication.run(SpringApplication.java:1350) ~[spring-boot-3.5.5.jar!/:3.5.5]
	at com.womensafety.userservice.UserServiceApplication.main(UserServiceApplication.java:15) ~[!/:0.0.1-SNAPSHOT]
	at java.base/jdk.internal.reflect.NativeMethodAccessorImpl.invoke0(Native Method) ~[na:na]
	at java.base/jdk.internal.reflect.NativeMethodAccessorImpl.invoke(NativeMethodAccessorImpl.java:77) ~[na:na]
	at java.base/jdk.internal.reflect.DelegatingMethodAccessorImpl.invoke(DelegatingMethodAccessorImpl.java:43) ~[na:na]
	at java.base/java.lang.reflect.Method.invoke(Method.java:568) ~[na:na]
	at org.springframework.boot.loader.launch.Launcher.launch(Launcher.java:102) ~[app.jar:0.0.1-SNAPSHOT]
	at org.springframework.boot.loader.launch.Launcher.launch(Launcher.java:64) ~[app.jar:0.0.1-SNAPSHOT]
	at org.springframework.boot.loader.launch.JarLauncher.main(JarLauncher.java:40) ~[app.jar:0.0.1-SNAPSHOT]
Caused by: jakarta.persistence.PersistenceException: [PersistenceUnit: default] Unable to build Hibernate SessionFactory; nested exception is org.hibernate.exception.JDBCConnectionException: Unable to open JDBC Connection for DDL execution [Communications link failure

The last packet sent successfully to the server was 0 milliseconds ago. The driver has not received any packets from the server.] [n/a]
	at org.springframework.orm.jpa.AbstractEntityManagerFactoryBean.buildNativeEntityManagerFactory(AbstractEntityManagerFactoryBean.java:431) ~[spring-orm-6.2.10.jar!/:6.2.10]
	at org.springframework.orm.jpa.AbstractEntityManagerFactoryBean.afterPropertiesSet(AbstractEntityManagerFactoryBean.java:400) ~[spring-orm-6.2.10.jar!/:6.2.10]
	at org.springframework.orm.jpa.LocalContainerEntityManagerFactoryBean.afterPropertiesSet(LocalContainerEntityManagerFactoryBean.java:366) ~[spring-orm-6.2.10.jar!/:6.2.10]
	at org.springframework.beans.factory.support.AbstractAutowireCapableBeanFactory.invokeInitMethods(AbstractAutowireCapableBeanFactory.java:1873) ~[spring-beans-6.2.10.jar!/:6.2.10]
	at org.springframework.beans.factory.support.AbstractAutowireCapableBeanFactory.initializeBean(AbstractAutowireCapableBeanFactory.java:1822) ~[spring-beans-6.2.10.jar!/:6.2.10]
	... 22 common frames omitted
Caused by: org.hibernate.exception.JDBCConnectionException: Unable to open JDBC Connection for DDL execution [Communications link failure

The last packet sent successfully to the server was 0 milliseconds ago. The driver has not received any packets from the server.] [n/a]
	at org.hibernate.exception.internal.SQLStateConversionDelegate.convert(SQLStateConversionDelegate.java:100) ~[hibernate-core-6.6.26.Final.jar!/:6.6.26.Final]
	at org.hibernate.exception.internal.StandardSQLExceptionConverter.convert(StandardSQLExceptionConverter.java:58) ~[hibernate-core-6.6.26.Final.jar!/:6.6.26.Final]
	at org.hibernate.engine.jdbc.spi.SqlExceptionHelper.convert(SqlExceptionHelper.java:108) ~[hibernate-core-6.6.26.Final.jar!/:6.6.26.Final]
	at org.hibernate.engine.jdbc.spi.SqlExceptionHelper.convert(SqlExceptionHelper.java:94) ~[hibernate-core-6.6.26.Final.jar!/:6.6.26.Final]
	at org.hibernate.resource.transaction.backend.jdbc.internal.DdlTransactionIsolatorNonJtaImpl.getIsolatedConnection(DdlTransactionIsolatorNonJtaImpl.java:74) ~[hibernate-core-6.6.26.Final.jar!/:6.6.26.Final]
	at org.hibernate.resource.transaction.backend.jdbc.internal.DdlTransactionIsolatorNonJtaImpl.getIsolatedConnection(DdlTransactionIsolatorNonJtaImpl.java:39) ~[hibernate-core-6.6.26.Final.jar!/:6.6.26.Final]
	at org.hibernate.tool.schema.internal.exec.ImprovedExtractionContextImpl.getJdbcConnection(ImprovedExtractionContextImpl.java:63) ~[hibernate-core-6.6.26.Final.jar!/:6.6.26.Final]
	at org.hibernate.tool.schema.internal.exec.ImprovedExtractionContextImpl.getJdbcDatabaseMetaData(ImprovedExtractionContextImpl.java:70) ~[hibernate-core-6.6.26.Final.jar!/:6.6.26.Final]
	at org.hibernate.tool.schema.extract.internal.InformationExtractorJdbcDatabaseMetaDataImpl.processTableResultSet(InformationExtractorJdbcDatabaseMetaDataImpl.java:65) ~[hibernate-core-6.6.26.Final.jar!/:6.6.26.Final]
	at org.hibernate.tool.schema.extract.internal.AbstractInformationExtractorImpl.getTables(AbstractInformationExtractorImpl.java:570) ~[hibernate-core-6.6.26.Final.jar!/:6.6.26.Final]
	at org.hibernate.tool.schema.extract.internal.DatabaseInformationImpl.getTablesInformation(DatabaseInformationImpl.java:122) ~[hibernate-core-6.6.26.Final.jar!/:6.6.26.Final]
	at org.hibernate.tool.schema.internal.GroupedSchemaMigratorImpl.performTablesMigration(GroupedSchemaMigratorImpl.java:72) ~[hibernate-core-6.6.26.Final.jar!/:6.6.26.Final]
	at org.hibernate.tool.schema.internal.AbstractSchemaMigrator.performMigration(AbstractSchemaMigrator.java:233) ~[hibernate-core-6.6.26.Final.jar!/:6.6.26.Final]
	at org.hibernate.tool.schema.internal.AbstractSchemaMigrator.doMigration(AbstractSchemaMigrator.java:112) ~[hibernate-core-6.6.26.Final.jar!/:6.6.26.Final]
	at org.hibernate.tool.schema.spi.SchemaManagementToolCoordinator.performDatabaseAction(SchemaManagementToolCoordinator.java:280) ~[hibernate-core-6.6.26.Final.jar!/:6.6.26.Final]
	at org.hibernate.tool.schema.spi.SchemaManagementToolCoordinator.lambda$process$5(SchemaManagementToolCoordinator.java:144) ~[hibernate-core-6.6.26.Final.jar!/:6.6.26.Final]
	at java.base/java.util.HashMap.forEach(HashMap.java:1421) ~[na:na]
	at org.hibernate.tool.schema.spi.SchemaManagementToolCoordinator.process(SchemaManagementToolCoordinator.java:141) ~[hibernate-core-6.6.26.Final.jar!/:6.6.26.Final]
	at org.hibernate.boot.internal.SessionFactoryObserverForSchemaExport.sessionFactoryCreated(SessionFactoryObserverForSchemaExport.java:37) ~[hibernate-core-6.6.26.Final.jar!/:6.6.26.Final]
	at org.hibernate.internal.SessionFactoryObserverChain.sessionFactoryCreated(SessionFactoryObserverChain.java:35) ~[hibernate-core-6.6.26.Final.jar!/:6.6.26.Final]
	at org.hibernate.internal.SessionFactoryImpl.<init>(SessionFactoryImpl.java:324) ~[hibernate-core-6.6.26.Final.jar!/:6.6.26.Final]
	at org.hibernate.boot.internal.SessionFactoryBuilderImpl.build(SessionFactoryBuilderImpl.java:463) ~[hibernate-core-6.6.26.Final.jar!/:6.6.26.Final]
	at org.hibernate.jpa.boot.internal.EntityManagerFactoryBuilderImpl.build(EntityManagerFactoryBuilderImpl.java:1517) ~[hibernate-core-6.6.26.Final.jar!/:6.6.26.Final]
	at org.springframework.orm.jpa.vendor.SpringHibernateJpaPersistenceProvider.createContainerEntityManagerFactory(SpringHibernateJpaPersistenceProvider.java:66) ~[spring-orm-6.2.10.jar!/:6.2.10]
	at org.springframework.orm.jpa.LocalContainerEntityManagerFactoryBean.createNativeEntityManagerFactory(LocalContainerEntityManagerFactoryBean.java:390) ~[spring-orm-6.2.10.jar!/:6.2.10]
	at org.springframework.orm.jpa.AbstractEntityManagerFactoryBean.buildNativeEntityManagerFactory(AbstractEntityManagerFactoryBean.java:419) ~[spring-orm-6.2.10.jar!/:6.2.10]
	... 26 common frames omitted
Caused by: com.mysql.cj.jdbc.exceptions.CommunicationsException: Communications link failure

The last packet sent successfully to the server was 0 milliseconds ago. The driver has not received any packets from the server.
	at com.mysql.cj.jdbc.exceptions.SQLError.createCommunicationsException(SQLError.java:165) ~[mysql-connector-j-9.4.0.jar!/:9.4.0]
	at com.mysql.cj.jdbc.exceptions.SQLExceptionsMapping.translateException(SQLExceptionsMapping.java:55) ~[mysql-connector-j-9.4.0.jar!/:9.4.0]
	at com.mysql.cj.jdbc.ConnectionImpl.createNewIO(ConnectionImpl.java:839) ~[mysql-connector-j-9.4.0.jar!/:9.4.0]
	at com.mysql.cj.jdbc.ConnectionImpl.<init>(ConnectionImpl.java:415) ~[mysql-connector-j-9.4.0.jar!/:9.4.0]
	at com.mysql.cj.jdbc.ConnectionImpl.getInstance(ConnectionImpl.java:237) ~[mysql-connector-j-9.4.0.jar!/:9.4.0]
	at com.mysql.cj.jdbc.NonRegisteringDriver.connect(NonRegisteringDriver.java:180) ~[mysql-connector-j-9.4.0.jar!/:9.4.0]
	at com.zaxxer.hikari.util.DriverDataSource.getConnection(DriverDataSource.java:144) ~[HikariCP-6.3.2.jar!/:na]
	at com.zaxxer.hikari.pool.PoolBase.newConnection(PoolBase.java:370) ~[HikariCP-6.3.2.jar!/:na]
	at com.zaxxer.hikari.pool.PoolBase.newPoolEntry(PoolBase.java:207) ~[HikariCP-6.3.2.jar!/:na]
	at com.zaxxer.hikari.pool.HikariPool.createPoolEntry(HikariPool.java:488) ~[HikariCP-6.3.2.jar!/:na]
	at com.zaxxer.hikari.pool.HikariPool.checkFailFast(HikariPool.java:576) ~[HikariCP-6.3.2.jar!/:na]
	at com.zaxxer.hikari.pool.HikariPool.<init>(HikariPool.java:97) ~[HikariCP-6.3.2.jar!/:na]
	at com.zaxxer.hikari.HikariDataSource.getConnection(HikariDataSource.java:111) ~[HikariCP-6.3.2.jar!/:na]
	at org.hibernate.engine.jdbc.connections.internal.DatasourceConnectionProviderImpl.getConnection(DatasourceConnectionProviderImpl.java:126) ~[hibernate-core-6.6.26.Final.jar!/:6.6.26.Final]
	at org.hibernate.engine.jdbc.env.internal.JdbcEnvironmentInitiator$ConnectionProviderJdbcConnectionAccess.obtainConnection(JdbcEnvironmentInitiator.java:485) ~[hibernate-core-6.6.26.Final.jar!/:6.6.26.Final]
	at org.hibernate.resource.transaction.backend.jdbc.internal.DdlTransactionIsolatorNonJtaImpl.getIsolatedConnection(DdlTransactionIsolatorNonJtaImpl.java:46) ~[hibernate-core-6.6.26.Final.jar!/:6.6.26.Final]
	... 47 common frames omitted
Caused by: com.mysql.cj.exceptions.CJCommunicationsException: Communications link failure

The last packet sent successfully to the server was 0 milliseconds ago. The driver has not received any packets from the server.
	at java.base/jdk.internal.reflect.NativeConstructorAccessorImpl.newInstance0(Native Method) ~[na:na]
	at java.base/jdk.internal.reflect.NativeConstructorAccessorImpl.newInstance(NativeConstructorAccessorImpl.java:77) ~[na:na]
	at java.base/jdk.internal.reflect.DelegatingConstructorAccessorImpl.newInstance(DelegatingConstructorAccessorImpl.java:45) ~[na:na]
	at java.base/java.lang.reflect.Constructor.newInstanceWithCaller(Constructor.java:499) ~[na:na]
	at java.base/java.lang.reflect.Constructor.newInstance(Constructor.java:480) ~[na:na]
	at com.mysql.cj.exceptions.ExceptionFactory.createException(ExceptionFactory.java:52) ~[mysql-connector-j-9.4.0.jar!/:9.4.0]
	at com.mysql.cj.exceptions.ExceptionFactory.createException(ExceptionFactory.java:95) ~[mysql-connector-j-9.4.0.jar!/:9.4.0]
	at com.mysql.cj.exceptions.ExceptionFactory.createException(ExceptionFactory.java:140) ~[mysql-connector-j-9.4.0.jar!/:9.4.0]
	at com.mysql.cj.exceptions.ExceptionFactory.createCommunicationsException(ExceptionFactory.java:156) ~[mysql-connector-j-9.4.0.jar!/:9.4.0]
	at com.mysql.cj.protocol.a.NativeSocketConnection.connect(NativeSocketConnection.java:79) ~[mysql-connector-j-9.4.0.jar!/:9.4.0]
	at com.mysql.cj.NativeSession.connect(NativeSession.java:142) ~[mysql-connector-j-9.4.0.jar!/:9.4.0]
	at com.mysql.cj.jdbc.ConnectionImpl.connectOneTryOnly(ConnectionImpl.java:963) ~[mysql-connector-j-9.4.0.jar!/:9.4.0]
	at com.mysql.cj.jdbc.ConnectionImpl.createNewIO(ConnectionImpl.java:827) ~[mysql-connector-j-9.4.0.jar!/:9.4.0]
	... 60 common frames omitted
Caused by: java.net.ConnectException: Connection refused
	at java.base/sun.nio.ch.Net.pollConnect(Native Method) ~[na:na]
	at java.base/sun.nio.ch.Net.pollConnectNow(Net.java:672) ~[na:na]
	at java.base/sun.nio.ch.NioSocketImpl.timedFinishConnect(NioSocketImpl.java:542) ~[na:na]
	at java.base/sun.nio.ch.NioSocketImpl.connect(NioSocketImpl.java:597) ~[na:na]
	at java.base/java.net.SocksSocketImpl.connect(SocksSocketImpl.java:327) ~[na:na]
	at java.base/java.net.Socket.connect(Socket.java:633) ~[na:na]
	at com.mysql.cj.protocol.StandardSocketFactory.connect(StandardSocketFactory.java:144) ~[mysql-connector-j-9.4.0.jar!/:9.4.0]
	at com.mysql.cj.protocol.a.NativeSocketConnection.connect(NativeSocketConnection.java:53) ~[mysql-connector-j-9.4.0.jar!/:9.4.0]
	... 63 common frames omitted

2025-09-04T03:38:49.283Z  INFO 1 --- [user-service] [main] c.w.userservice.UserServiceApplication   : Starting UserServiceApplication v0.0.1-SNAPSHOT using Java 17.0.2 with PID 1 (/app.jar started by root in /)
2025-09-04T03:38:49.300Z  INFO 1 --- [user-service] [main] c.w.userservice.UserServiceApplication   : The following 1 profile is active: "docker"
2025-09-04T03:38:55.763Z  INFO 1 --- [user-service] [main] .s.d.r.c.RepositoryConfigurationDelegate : Bootstrapping Spring Data JPA repositories in DEFAULT mode.
2025-09-04T03:38:56.162Z  INFO 1 --- [user-service] [main] .s.d.r.c.RepositoryConfigurationDelegate : Finished Spring Data repository scanning in 348 ms. Found 2 JPA repository interfaces.
2025-09-04T03:39:00.619Z  INFO 1 --- [user-service] [main] o.s.b.w.embedded.tomcat.TomcatWebServer  : Tomcat initialized with port 8082 (http)
2025-09-04T03:39:00.674Z  INFO 1 --- [user-service] [main] o.apache.catalina.core.StandardService   : Starting service [Tomcat]
2025-09-04T03:39:00.682Z  INFO 1 --- [user-service] [main] o.apache.catalina.core.StandardEngine    : Starting Servlet engine: [Apache Tomcat/10.1.44]
2025-09-04T03:39:00.957Z  INFO 1 --- [user-service] [main] o.a.c.c.C.[Tomcat].[localhost].[/]       : Initializing Spring embedded WebApplicationContext
2025-09-04T03:39:00.965Z  INFO 1 --- [user-service] [main] w.s.c.ServletWebServerApplicationContext : Root WebApplicationContext: initialization completed in 11202 ms
2025-09-04T03:39:02.891Z  INFO 1 --- [user-service] [main] o.hibernate.jpa.internal.util.LogHelper  : HHH000204: Processing PersistenceUnitInfo [name: default]
2025-09-04T03:39:03.131Z  INFO 1 --- [user-service] [main] org.hibernate.Version                    : HHH000412: Hibernate ORM core version 6.6.26.Final
2025-09-04T03:39:03.237Z  INFO 1 --- [user-service] [main] o.h.c.internal.RegionFactoryInitiator    : HHH000026: Second-level cache disabled
2025-09-04T03:39:04.736Z  INFO 1 --- [user-service] [main] o.s.o.j.p.SpringPersistenceUnitInfo      : No LoadTimeWeaver setup: ignoring JPA class transformer
2025-09-04T03:39:04.833Z  INFO 1 --- [user-service] [main] com.zaxxer.hikari.HikariDataSource       : HikariPool-1 - Starting...
2025-09-04T03:39:05.559Z  INFO 1 --- [user-service] [main] com.zaxxer.hikari.pool.HikariPool        : HikariPool-1 - Added connection com.mysql.cj.jdbc.ConnectionImpl@ff5d4f1
2025-09-04T03:39:05.570Z  INFO 1 --- [user-service] [main] com.zaxxer.hikari.HikariDataSource       : HikariPool-1 - Start completed.
2025-09-04T03:39:05.723Z  WARN 1 --- [user-service] [main] org.hibernate.orm.deprecation            : HHH90000025: MySQL8Dialect does not need to be specified explicitly using 'hibernate.dialect' (remove the property setting and it will be selected by default)
2025-09-04T03:39:05.731Z  WARN 1 --- [user-service] [main] org.hibernate.orm.deprecation            : HHH90000026: MySQL8Dialect has been deprecated; use org.hibernate.dialect.MySQLDialect instead
2025-09-04T03:39:05.784Z  INFO 1 --- [user-service] [main] org.hibernate.orm.connections.pooling    : HHH10001005: Database info:
	Database JDBC URL [Connecting through datasource 'HikariDataSource (HikariPool-1)']
	Database driver: undefined/unknown
	Database version: 8.0
	Autocommit mode: undefined/unknown
	Isolation level: undefined/unknown
	Minimum pool size: undefined/unknown
	Maximum pool size: undefined/unknown
2025-09-04T03:39:08.344Z  INFO 1 --- [user-service] [main] o.h.e.t.j.p.i.JtaPlatformInitiator       : HHH000489: No JTA platform available (set 'hibernate.transaction.jta.platform' to enable JTA platform integration)
2025-09-04T03:39:09.087Z  INFO 1 --- [user-service] [main] j.LocalContainerEntityManagerFactoryBean : Initialized JPA EntityManagerFactory for persistence unit 'default'
2025-09-04T03:39:10.524Z  WARN 1 --- [user-service] [main] JpaBaseConfiguration$JpaWebConfiguration : spring.jpa.open-in-view is enabled by default. Therefore, database queries may be performed during view rendering. Explicitly configure spring.jpa.open-in-view to disable this warning
2025-09-04T03:39:10.704Z  WARN 1 --- [user-service] [main] .s.s.UserDetailsServiceAutoConfiguration : 

Using generated security password: 2c4294f6-3c21-47ab-9a5d-1aa8d5372a13

This generated password is for development use only. Your security configuration must be updated before running your application in production.

2025-09-04T03:39:10.777Z  INFO 1 --- [user-service] [main] r$InitializeUserDetailsManagerConfigurer : Global AuthenticationManager configured with UserDetailsService bean with name inMemoryUserDetailsManager
2025-09-04T03:39:13.071Z  INFO 1 --- [user-service] [main] o.s.b.w.embedded.tomcat.TomcatWebServer  : Tomcat started on port 8082 (http) with context path '/'
2025-09-04T03:39:13.163Z  INFO 1 --- [user-service] [main] o.a.k.clients.consumer.ConsumerConfig    : ConsumerConfig values: 
	allow.auto.create.topics = true
	auto.commit.interval.ms = 5000
	auto.include.jmx.reporter = true
	auto.offset.reset = earliest
	bootstrap.servers = [redpanda:9092]
	check.crcs = true
	client.dns.lookup = use_all_dns_ips
	client.id = consumer-user-service-1
	client.rack = 
	connections.max.idle.ms = 540000
	default.api.timeout.ms = 60000
	enable.auto.commit = false
	enable.metrics.push = true
	exclude.internal.topics = true
	fetch.max.bytes = 52428800
	fetch.max.wait.ms = 500
	fetch.min.bytes = 1
	group.id = user-service
	group.instance.id = null
	group.protocol = classic
	group.remote.assignor = null
	heartbeat.interval.ms = 3000
	interceptor.classes = []
	internal.leave.group.on.close = true
	internal.throw.on.fetch.stable.offset.unsupported = false
	isolation.level = read_uncommitted
	key.deserializer = class org.apache.kafka.common.serialization.StringDeserializer
	max.partition.fetch.bytes = 1048576
	max.poll.interval.ms = 300000
	max.poll.records = 500
	metadata.max.age.ms = 300000
	metadata.recovery.strategy = none
	metric.reporters = []
	metrics.num.samples = 2
	metrics.recording.level = INFO
	metrics.sample.window.ms = 30000
	partition.assignment.strategy = [class org.apache.kafka.clients.consumer.RangeAssignor, class org.apache.kafka.clients.consumer.CooperativeStickyAssignor]
	receive.buffer.bytes = 65536
	reconnect.backoff.max.ms = 1000
	reconnect.backoff.ms = 50
	request.timeout.ms = 30000
	retry.backoff.max.ms = 1000
	retry.backoff.ms = 100
	sasl.client.callback.handler.class = null
	sasl.jaas.config = null
	sasl.kerberos.kinit.cmd = /usr/bin/kinit
	sasl.kerberos.min.time.before.relogin = 60000
	sasl.kerberos.service.name = null
	sasl.kerberos.ticket.renew.jitter = 0.05
	sasl.kerberos.ticket.renew.window.factor = 0.8
	sasl.login.callback.handler.class = null
	sasl.login.class = null
	sasl.login.connect.timeout.ms = null
	sasl.login.read.timeout.ms = null
	sasl.login.refresh.buffer.seconds = 300
	sasl.login.refresh.min.period.seconds = 60
	sasl.login.refresh.window.factor = 0.8
	sasl.login.refresh.window.jitter = 0.05
	sasl.login.retry.backoff.max.ms = 10000
	sasl.login.retry.backoff.ms = 100
	sasl.mechanism = GSSAPI
	sasl.oauthbearer.clock.skew.seconds = 30
	sasl.oauthbearer.expected.audience = null
	sasl.oauthbearer.expected.issuer = null
	sasl.oauthbearer.header.urlencode = false
	sasl.oauthbearer.jwks.endpoint.refresh.ms = 3600000
	sasl.oauthbearer.jwks.endpoint.retry.backoff.max.ms = 10000
	sasl.oauthbearer.jwks.endpoint.retry.backoff.ms = 100
	sasl.oauthbearer.jwks.endpoint.url = null
	sasl.oauthbearer.scope.claim.name = scope
	sasl.oauthbearer.sub.claim.name = sub
	sasl.oauthbearer.token.endpoint.url = null
	security.protocol = PLAINTEXT
	security.providers = null
	send.buffer.bytes = 131072
	session.timeout.ms = 45000
	socket.connection.setup.timeout.max.ms = 30000
	socket.connection.setup.timeout.ms = 10000
	ssl.cipher.suites = null
	ssl.enabled.protocols = [TLSv1.2, TLSv1.3]
	ssl.endpoint.identification.algorithm = https
	ssl.engine.factory.class = null
	ssl.key.password = null
	ssl.keymanager.algorithm = SunX509
	ssl.keystore.certificate.chain = null
	ssl.keystore.key = null
	ssl.keystore.location = null
	ssl.keystore.password = null
	ssl.keystore.type = JKS
	ssl.protocol = TLSv1.3
	ssl.provider = null
	ssl.secure.random.implementation = null
	ssl.trustmanager.algorithm = PKIX
	ssl.truststore.certificates = null
	ssl.truststore.location = null
	ssl.truststore.password = null
	ssl.truststore.type = JKS
	value.deserializer = class org.apache.kafka.common.serialization.StringDeserializer

2025-09-04T03:39:13.289Z  INFO 1 --- [user-service] [main] o.a.k.c.t.i.KafkaMetricsCollector        : initializing Kafka metrics collector
2025-09-04T03:39:13.600Z  INFO 1 --- [user-service] [main] o.a.kafka.common.utils.AppInfoParser     : Kafka version: 3.9.1
2025-09-04T03:39:13.601Z  INFO 1 --- [user-service] [main] o.a.kafka.common.utils.AppInfoParser     : Kafka commitId: f745dfdcee2b9851
2025-09-04T03:39:13.602Z  INFO 1 --- [user-service] [main] o.a.kafka.common.utils.AppInfoParser     : Kafka startTimeMs: 1756957153597
2025-09-04T03:39:13.615Z  INFO 1 --- [user-service] [main] o.a.k.c.c.i.ClassicKafkaConsumer         : [Consumer clientId=consumer-user-service-1, groupId=user-service] Subscribed to topic(s): user.identity
2025-09-04T03:39:13.671Z  INFO 1 --- [user-service] [main] c.w.userservice.UserServiceApplication   : Started UserServiceApplication in 27.592 seconds (process running for 32.409)
2025-09-04T03:39:14.487Z  INFO 1 --- [user-service] [org.springframework.kafka.KafkaListenerEndpointContainer#0-0-C-1] org.apache.kafka.clients.Metadata        : [Consumer clientId=consumer-user-service-1, groupId=user-service] Cluster ID: redpanda.ad248c60-37ec-4966-afb3-745160d96ba1
2025-09-04T03:39:14.497Z  INFO 1 --- [user-service] [org.springframework.kafka.KafkaListenerEndpointContainer#0-0-C-1] o.a.k.c.c.internals.ConsumerCoordinator  : [Consumer clientId=consumer-user-service-1, groupId=user-service] Discovered group coordinator redpanda:9092 (id: 2147483647 rack: null)
2025-09-04T03:39:14.501Z  INFO 1 --- [user-service] [org.springframework.kafka.KafkaListenerEndpointContainer#0-0-C-1] o.a.k.c.c.internals.ConsumerCoordinator  : [Consumer clientId=consumer-user-service-1, groupId=user-service] (Re-)joining group
2025-09-04T03:39:14.531Z  INFO 1 --- [user-service] [org.springframework.kafka.KafkaListenerEndpointContainer#0-0-C-1] o.a.k.c.c.internals.ConsumerCoordinator  : [Consumer clientId=consumer-user-service-1, groupId=user-service] Request joining group due to: need to re-join with the given member-id: consumer-user-service-1-c621d69b-6c20-47d2-8f28-88309053c6d6
2025-09-04T03:39:14.532Z  INFO 1 --- [user-service] [org.springframework.kafka.KafkaListenerEndpointContainer#0-0-C-1] o.a.k.c.c.internals.ConsumerCoordinator  : [Consumer clientId=consumer-user-service-1, groupId=user-service] (Re-)joining group
2025-09-04T03:39:14.536Z  INFO 1 --- [user-service] [org.springframework.kafka.KafkaListenerEndpointContainer#0-0-C-1] o.a.k.c.c.internals.ConsumerCoordinator  : [Consumer clientId=consumer-user-service-1, groupId=user-service] Successfully joined group with generation Generation{generationId=1, memberId='consumer-user-service-1-c621d69b-6c20-47d2-8f28-88309053c6d6', protocol='range'}
2025-09-04T03:39:14.552Z  INFO 1 --- [user-service] [org.springframework.kafka.KafkaListenerEndpointContainer#0-0-C-1] o.a.k.c.c.internals.ConsumerCoordinator  : [Consumer clientId=consumer-user-service-1, groupId=user-service] Finished assignment for group at generation 1: {consumer-user-service-1-c621d69b-6c20-47d2-8f28-88309053c6d6=Assignment(partitions=[user.identity-0])}
2025-09-04T03:39:14.562Z  INFO 1 --- [user-service] [org.springframework.kafka.KafkaListenerEndpointContainer#0-0-C-1] o.a.k.c.c.internals.ConsumerCoordinator  : [Consumer clientId=consumer-user-service-1, groupId=user-service] Successfully synced group in generation Generation{generationId=1, memberId='consumer-user-service-1-c621d69b-6c20-47d2-8f28-88309053c6d6', protocol='range'}
2025-09-04T03:39:14.564Z  INFO 1 --- [user-service] [org.springframework.kafka.KafkaListenerEndpointContainer#0-0-C-1] o.a.k.c.c.internals.ConsumerCoordinator  : [Consumer clientId=consumer-user-service-1, groupId=user-service] Notifying assignor about the new Assignment(partitions=[user.identity-0])
2025-09-04T03:39:14.570Z  INFO 1 --- [user-service] [org.springframework.kafka.KafkaListenerEndpointContainer#0-0-C-1] k.c.c.i.ConsumerRebalanceListenerInvoker : [Consumer clientId=consumer-user-service-1, groupId=user-service] Adding newly assigned partitions: user.identity-0
2025-09-04T03:39:14.581Z  INFO 1 --- [user-service] [org.springframework.kafka.KafkaListenerEndpointContainer#0-0-C-1] o.a.k.c.c.internals.ConsumerCoordinator  : [Consumer clientId=consumer-user-service-1, groupId=user-service] Found no committed offset for partition user.identity-0
2025-09-04T03:39:14.596Z  INFO 1 --- [user-service] [org.springframework.kafka.KafkaListenerEndpointContainer#0-0-C-1] o.a.k.c.c.internals.SubscriptionState    : [Consumer clientId=consumer-user-service-1, groupId=user-service] Resetting offset for partition user.identity-0 to position FetchPosition{offset=0, offsetEpoch=Optional.empty, currentLeader=LeaderAndEpoch{leader=Optional[redpanda:9092 (id: 0 rack: null)], epoch=absent}}.
2025-09-04T03:39:14.599Z  INFO 1 --- [user-service] [org.springframework.kafka.KafkaListenerEndpointContainer#0-0-C-1] o.s.k.l.KafkaMessageListenerContainer    : user-service: partitions assigned: [user.identity-0]
2025-09-04T03:39:14.682Z ERROR 1 --- [user-service] [org.springframework.kafka.KafkaListenerEndpointContainer#0-0-C-1] o.s.kafka.listener.DefaultErrorHandler   : Backoff FixedBackOff{interval=0, currentAttempts=1, maxAttempts=0} exhausted for user.identity-0@0

org.springframework.kafka.listener.ListenerExecutionFailedException: Listener method could not be invoked with the incoming message
Endpoint handler details:
Method [public void com.womensafety.userservice.kafka.UserCreatedConsumer.consume(com.womensafety.userservice.event.UserCreatedEvent)]
Bean [com.womensafety.userservice.kafka.UserCreatedConsumer@2d093067]
	at org.springframework.kafka.listener.KafkaMessageListenerContainer$ListenerConsumer.decorateException(KafkaMessageListenerContainer.java:2994) ~[spring-kafka-3.3.9.jar!/:3.3.9]
	at org.springframework.kafka.listener.KafkaMessageListenerContainer$ListenerConsumer.doInvokeOnMessage(KafkaMessageListenerContainer.java:2901) ~[spring-kafka-3.3.9.jar!/:3.3.9]
	at org.springframework.kafka.listener.KafkaMessageListenerContainer$ListenerConsumer.invokeOnMessage(KafkaMessageListenerContainer.java:2865) ~[spring-kafka-3.3.9.jar!/:3.3.9]
	at org.springframework.kafka.listener.KafkaMessageListenerContainer$ListenerConsumer.doInvokeRecordListener(KafkaMessageListenerContainer.java:2777) ~[spring-kafka-3.3.9.jar!/:3.3.9]
	at org.springframework.kafka.listener.KafkaMessageListenerContainer$ListenerConsumer.doInvokeWithRecords(KafkaMessageListenerContainer.java:2614) ~[spring-kafka-3.3.9.jar!/:3.3.9]
	at org.springframework.kafka.listener.KafkaMessageListenerContainer$ListenerConsumer.invokeRecordListener(KafkaMessageListenerContainer.java:2503) ~[spring-kafka-3.3.9.jar!/:3.3.9]
	at org.springframework.kafka.listener.KafkaMessageListenerContainer$ListenerConsumer.invokeListener(KafkaMessageListenerContainer.java:2152) ~[spring-kafka-3.3.9.jar!/:3.3.9]
	at org.springframework.kafka.listener.KafkaMessageListenerContainer$ListenerConsumer.invokeIfHaveRecords(KafkaMessageListenerContainer.java:1528) ~[spring-kafka-3.3.9.jar!/:3.3.9]
	at org.springframework.kafka.listener.KafkaMessageListenerContainer$ListenerConsumer.pollAndInvoke(KafkaMessageListenerContainer.java:1466) ~[spring-kafka-3.3.9.jar!/:3.3.9]
	at org.springframework.kafka.listener.KafkaMessageListenerContainer$ListenerConsumer.run(KafkaMessageListenerContainer.java:1335) ~[spring-kafka-3.3.9.jar!/:3.3.9]
	at java.base/java.util.concurrent.CompletableFuture$AsyncRun.run(CompletableFuture.java:1804) ~[na:na]
	at java.base/java.lang.Thread.run(Thread.java:833) ~[na:na]
	Suppressed: org.springframework.kafka.listener.ListenerExecutionFailedException: Restored Stack Trace
		at org.springframework.kafka.listener.adapter.MessagingMessageListenerAdapter.checkAckArg(MessagingMessageListenerAdapter.java:500) ~[spring-kafka-3.3.9.jar!/:3.3.9]
		at org.springframework.kafka.listener.adapter.MessagingMessageListenerAdapter.invokeHandler(MessagingMessageListenerAdapter.java:479) ~[spring-kafka-3.3.9.jar!/:3.3.9]
		at org.springframework.kafka.listener.adapter.MessagingMessageListenerAdapter.invoke(MessagingMessageListenerAdapter.java:421) ~[spring-kafka-3.3.9.jar!/:3.3.9]
		at org.springframework.kafka.listener.adapter.RecordMessagingMessageListenerAdapter.onMessage(RecordMessagingMessageListenerAdapter.java:85) ~[spring-kafka-3.3.9.jar!/:3.3.9]
		at org.springframework.kafka.listener.adapter.RecordMessagingMessageListenerAdapter.onMessage(RecordMessagingMessageListenerAdapter.java:50) ~[spring-kafka-3.3.9.jar!/:3.3.9]
		at org.springframework.kafka.listener.KafkaMessageListenerContainer$ListenerConsumer.doInvokeOnMessage(KafkaMessageListenerContainer.java:2887) ~[spring-kafka-3.3.9.jar!/:3.3.9]
Caused by: org.springframework.messaging.converter.MessageConversionException: Cannot handle message
	at org.springframework.kafka.listener.adapter.MessagingMessageListenerAdapter.invokeHandler(MessagingMessageListenerAdapter.java:479) ~[spring-kafka-3.3.9.jar!/:3.3.9]
	at org.springframework.kafka.listener.adapter.MessagingMessageListenerAdapter.invoke(MessagingMessageListenerAdapter.java:421) ~[spring-kafka-3.3.9.jar!/:3.3.9]
	at org.springframework.kafka.listener.adapter.RecordMessagingMessageListenerAdapter.onMessage(RecordMessagingMessageListenerAdapter.java:85) ~[spring-kafka-3.3.9.jar!/:3.3.9]
	at org.springframework.kafka.listener.adapter.RecordMessagingMessageListenerAdapter.onMessage(RecordMessagingMessageListenerAdapter.java:50) ~[spring-kafka-3.3.9.jar!/:3.3.9]
	at org.springframework.kafka.listener.KafkaMessageListenerContainer$ListenerConsumer.doInvokeOnMessage(KafkaMessageListenerContainer.java:2887) ~[spring-kafka-3.3.9.jar!/:3.3.9]
	... 10 common frames omitted
Caused by: org.springframework.messaging.converter.MessageConversionException: Cannot convert from [java.lang.String] to [com.womensafety.userservice.event.UserCreatedEvent] for GenericMessage [payload={"userId":1,"email":"sugan@gm.com","username":"Sugathi","verified":false}, headers={kafka_offset=0, kafka_consumer=org.springframework.kafka.core.DefaultKafkaConsumerFactory$ExtendedKafkaConsumer@3f816f74, kafka_timestampType=CREATE_TIME, kafka_receivedPartitionId=0, kafka_receivedTopic=user.identity, kafka_receivedTimestamp=1756957013004, __TypeId__=[B@3edb2e98, kafka_groupId=user-service}]
	at org.springframework.messaging.handler.annotation.support.PayloadMethodArgumentResolver.resolveArgument(PayloadMethodArgumentResolver.java:151) ~[spring-messaging-6.2.10.jar!/:6.2.10]
	at org.springframework.kafka.listener.adapter.KafkaNullAwarePayloadArgumentResolver.resolveArgument(KafkaNullAwarePayloadArgumentResolver.java:48) ~[spring-kafka-3.3.9.jar!/:3.3.9]
	at org.springframework.messaging.handler.invocation.HandlerMethodArgumentResolverComposite.resolveArgument(HandlerMethodArgumentResolverComposite.java:118) ~[spring-messaging-6.2.10.jar!/:6.2.10]
	at org.springframework.messaging.handler.invocation.InvocableHandlerMethod.getMethodArgumentValues(InvocableHandlerMethod.java:147) ~[spring-messaging-6.2.10.jar!/:6.2.10]
	at org.springframework.messaging.handler.invocation.InvocableHandlerMethod.invoke(InvocableHandlerMethod.java:115) ~[spring-messaging-6.2.10.jar!/:6.2.10]
	at org.springframework.kafka.listener.adapter.HandlerAdapter.invoke(HandlerAdapter.java:78) ~[spring-kafka-3.3.9.jar!/:3.3.9]
	at org.springframework.kafka.listener.adapter.MessagingMessageListenerAdapter.invokeHandler(MessagingMessageListenerAdapter.java:475) ~[spring-kafka-3.3.9.jar!/:3.3.9]
	... 14 common frames omitted

2025-09-04T03:50:02.328Z ERROR 1 --- [user-service] [org.springframework.kafka.KafkaListenerEndpointContainer#0-0-C-1] o.s.kafka.listener.DefaultErrorHandler   : Backoff FixedBackOff{interval=0, currentAttempts=1, maxAttempts=0} exhausted for user.identity-0@1

org.springframework.kafka.listener.ListenerExecutionFailedException: Listener method could not be invoked with the incoming message
Endpoint handler details:
Method [public void com.womensafety.userservice.kafka.UserCreatedConsumer.consume(com.womensafety.userservice.event.UserCreatedEvent)]
Bean [com.womensafety.userservice.kafka.UserCreatedConsumer@2d093067]
	at org.springframework.kafka.listener.KafkaMessageListenerContainer$ListenerConsumer.decorateException(KafkaMessageListenerContainer.java:2994) ~[spring-kafka-3.3.9.jar!/:3.3.9]
	at org.springframework.kafka.listener.KafkaMessageListenerContainer$ListenerConsumer.doInvokeOnMessage(KafkaMessageListenerContainer.java:2901) ~[spring-kafka-3.3.9.jar!/:3.3.9]
	at org.springframework.kafka.listener.KafkaMessageListenerContainer$ListenerConsumer.invokeOnMessage(KafkaMessageListenerContainer.java:2865) ~[spring-kafka-3.3.9.jar!/:3.3.9]
	at org.springframework.kafka.listener.KafkaMessageListenerContainer$ListenerConsumer.doInvokeRecordListener(KafkaMessageListenerContainer.java:2777) ~[spring-kafka-3.3.9.jar!/:3.3.9]
	at org.springframework.kafka.listener.KafkaMessageListenerContainer$ListenerConsumer.doInvokeWithRecords(KafkaMessageListenerContainer.java:2614) ~[spring-kafka-3.3.9.jar!/:3.3.9]
	at org.springframework.kafka.listener.KafkaMessageListenerContainer$ListenerConsumer.invokeRecordListener(KafkaMessageListenerContainer.java:2503) ~[spring-kafka-3.3.9.jar!/:3.3.9]
	at org.springframework.kafka.listener.KafkaMessageListenerContainer$ListenerConsumer.invokeListener(KafkaMessageListenerContainer.java:2152) ~[spring-kafka-3.3.9.jar!/:3.3.9]
	at org.springframework.kafka.listener.KafkaMessageListenerContainer$ListenerConsumer.invokeIfHaveRecords(KafkaMessageListenerContainer.java:1528) ~[spring-kafka-3.3.9.jar!/:3.3.9]
	at org.springframework.kafka.listener.KafkaMessageListenerContainer$ListenerConsumer.pollAndInvoke(KafkaMessageListenerContainer.java:1466) ~[spring-kafka-3.3.9.jar!/:3.3.9]
	at org.springframework.kafka.listener.KafkaMessageListenerContainer$ListenerConsumer.run(KafkaMessageListenerContainer.java:1335) ~[spring-kafka-3.3.9.jar!/:3.3.9]
	at java.base/java.util.concurrent.CompletableFuture$AsyncRun.run(CompletableFuture.java:1804) ~[na:na]
	at java.base/java.lang.Thread.run(Thread.java:833) ~[na:na]
	Suppressed: org.springframework.kafka.listener.ListenerExecutionFailedException: Restored Stack Trace
		at org.springframework.kafka.listener.adapter.MessagingMessageListenerAdapter.checkAckArg(MessagingMessageListenerAdapter.java:500) ~[spring-kafka-3.3.9.jar!/:3.3.9]
		at org.springframework.kafka.listener.adapter.MessagingMessageListenerAdapter.invokeHandler(MessagingMessageListenerAdapter.java:479) ~[spring-kafka-3.3.9.jar!/:3.3.9]
		at org.springframework.kafka.listener.adapter.MessagingMessageListenerAdapter.invoke(MessagingMessageListenerAdapter.java:421) ~[spring-kafka-3.3.9.jar!/:3.3.9]
		at org.springframework.kafka.listener.adapter.RecordMessagingMessageListenerAdapter.onMessage(RecordMessagingMessageListenerAdapter.java:85) ~[spring-kafka-3.3.9.jar!/:3.3.9]
		at org.springframework.kafka.listener.adapter.RecordMessagingMessageListenerAdapter.onMessage(RecordMessagingMessageListenerAdapter.java:50) ~[spring-kafka-3.3.9.jar!/:3.3.9]
		at org.springframework.kafka.listener.KafkaMessageListenerContainer$ListenerConsumer.doInvokeOnMessage(KafkaMessageListenerContainer.java:2887) ~[spring-kafka-3.3.9.jar!/:3.3.9]
Caused by: org.springframework.messaging.converter.MessageConversionException: Cannot handle message
	at org.springframework.kafka.listener.adapter.MessagingMessageListenerAdapter.invokeHandler(MessagingMessageListenerAdapter.java:479) ~[spring-kafka-3.3.9.jar!/:3.3.9]
	at org.springframework.kafka.listener.adapter.MessagingMessageListenerAdapter.invoke(MessagingMessageListenerAdapter.java:421) ~[spring-kafka-3.3.9.jar!/:3.3.9]
	at org.springframework.kafka.listener.adapter.RecordMessagingMessageListenerAdapter.onMessage(RecordMessagingMessageListenerAdapter.java:85) ~[spring-kafka-3.3.9.jar!/:3.3.9]
	at org.springframework.kafka.listener.adapter.RecordMessagingMessageListenerAdapter.onMessage(RecordMessagingMessageListenerAdapter.java:50) ~[spring-kafka-3.3.9.jar!/:3.3.9]
	at org.springframework.kafka.listener.KafkaMessageListenerContainer$ListenerConsumer.doInvokeOnMessage(KafkaMessageListenerContainer.java:2887) ~[spring-kafka-3.3.9.jar!/:3.3.9]
	... 10 common frames omitted
Caused by: org.springframework.messaging.converter.MessageConversionException: Cannot convert from [java.lang.String] to [com.womensafety.userservice.event.UserCreatedEvent] for GenericMessage [payload={"userId":2,"email":"ramya@gm.com","username":"RamyaSalem","verified":false}, headers={kafka_offset=1, kafka_consumer=org.springframework.kafka.core.DefaultKafkaConsumerFactory$ExtendedKafkaConsumer@3f816f74, kafka_timestampType=CREATE_TIME, kafka_receivedPartitionId=0, kafka_receivedTopic=user.identity, kafka_receivedTimestamp=1756957802269, __TypeId__=[B@1127ce51, kafka_groupId=user-service}]
	at org.springframework.messaging.handler.annotation.support.PayloadMethodArgumentResolver.resolveArgument(PayloadMethodArgumentResolver.java:151) ~[spring-messaging-6.2.10.jar!/:6.2.10]
	at org.springframework.kafka.listener.adapter.KafkaNullAwarePayloadArgumentResolver.resolveArgument(KafkaNullAwarePayloadArgumentResolver.java:48) ~[spring-kafka-3.3.9.jar!/:3.3.9]
	at org.springframework.messaging.handler.invocation.HandlerMethodArgumentResolverComposite.resolveArgument(HandlerMethodArgumentResolverComposite.java:118) ~[spring-messaging-6.2.10.jar!/:6.2.10]
	at org.springframework.messaging.handler.invocation.InvocableHandlerMethod.getMethodArgumentValues(InvocableHandlerMethod.java:147) ~[spring-messaging-6.2.10.jar!/:6.2.10]
	at org.springframework.messaging.handler.invocation.InvocableHandlerMethod.invoke(InvocableHandlerMethod.java:115) ~[spring-messaging-6.2.10.jar!/:6.2.10]
	at org.springframework.kafka.listener.adapter.HandlerAdapter.invoke(HandlerAdapter.java:78) ~[spring-kafka-3.3.9.jar!/:3.3.9]
	at org.springframework.kafka.listener.adapter.MessagingMessageListenerAdapter.invokeHandler(MessagingMessageListenerAdapter.java:475) ~[spring-kafka-3.3.9.jar!/:3.3.9]
	... 14 common frames omitted

2025-09-04T07:21:14.445Z  INFO 1 --- [user-service] [kafka-coordinator-heartbeat-thread | user-service] o.a.k.c.c.internals.ConsumerCoordinator  : [Consumer clientId=consumer-user-service-1, groupId=user-service] Group coordinator redpanda:9092 (id: 2147483647 rack: null) is unavailable or invalid due to cause: session timed out without receiving a heartbeat response. isDisconnected: false. Rediscovery will be attempted.
2025-09-04T07:21:14.666Z  INFO 1 --- [user-service] [kafka-coordinator-heartbeat-thread | user-service] o.a.k.c.c.internals.ConsumerCoordinator  : [Consumer clientId=consumer-user-service-1, groupId=user-service] Requesting disconnect from last known coordinator redpanda:9092 (id: 2147483647 rack: null)
2025-09-04T07:21:14.809Z  INFO 1 --- [user-service] [kafka-coordinator-heartbeat-thread | user-service] org.apache.kafka.clients.NetworkClient   : [Consumer clientId=consumer-user-service-1, groupId=user-service] Client requested disconnect from node 2147483647
2025-09-04T07:21:14.908Z  INFO 1 --- [user-service] [org.springframework.kafka.KafkaListenerEndpointContainer#0-0-C-1] o.a.k.c.c.internals.ConsumerCoordinator  : [Consumer clientId=consumer-user-service-1, groupId=user-service] Discovered group coordinator redpanda:9092 (id: 2147483647 rack: null)
2025-09-04T10:36:45.868Z  INFO 1 --- [user-service] [kafka-coordinator-heartbeat-thread | user-service] o.a.k.c.c.internals.ConsumerCoordinator  : [Consumer clientId=consumer-user-service-1, groupId=user-service] Group coordinator redpanda:9092 (id: 2147483647 rack: null) is unavailable or invalid due to cause: session timed out without receiving a heartbeat response. isDisconnected: false. Rediscovery will be attempted.
2025-09-04T10:36:45.895Z  INFO 1 --- [user-service] [kafka-coordinator-heartbeat-thread | user-service] o.a.k.c.c.internals.ConsumerCoordinator  : [Consumer clientId=consumer-user-service-1, groupId=user-service] Requesting disconnect from last known coordinator redpanda:9092 (id: 2147483647 rack: null)
2025-09-04T10:36:45.903Z  INFO 1 --- [user-service] [kafka-coordinator-heartbeat-thread | user-service] org.apache.kafka.clients.NetworkClient   : [Consumer clientId=consumer-user-service-1, groupId=user-service] Client requested disconnect from node 2147483647
2025-09-04T10:36:45.941Z  INFO 1 --- [user-service] [org.springframework.kafka.KafkaListenerEndpointContainer#0-0-C-1] o.a.k.c.c.internals.ConsumerCoordinator  : [Consumer clientId=consumer-user-service-1, groupId=user-service] Discovered group coordinator redpanda:9092 (id: 2147483647 rack: null)
2025-09-04T11:12:35.938Z  INFO 1 --- [user-service] [kafka-coordinator-heartbeat-thread | user-service] o.a.k.c.c.internals.ConsumerCoordinator  : [Consumer clientId=consumer-user-service-1, groupId=user-service] Group coordinator redpanda:9092 (id: 2147483647 rack: null) is unavailable or invalid due to cause: session timed out without receiving a heartbeat response. isDisconnected: false. Rediscovery will be attempted.
2025-09-04T11:12:36.135Z  INFO 1 --- [user-service] [kafka-coordinator-heartbeat-thread | user-service] o.a.k.c.c.internals.ConsumerCoordinator  : [Consumer clientId=consumer-user-service-1, groupId=user-service] Requesting disconnect from last known coordinator redpanda:9092 (id: 2147483647 rack: null)
2025-09-04T11:12:36.315Z  INFO 1 --- [user-service] [kafka-coordinator-heartbeat-thread | user-service] org.apache.kafka.clients.NetworkClient   : [Consumer clientId=consumer-user-service-1, groupId=user-service] Client requested disconnect from node 2147483647
2025-09-04T11:12:36.756Z  INFO 1 --- [user-service] [org.springframework.kafka.KafkaListenerEndpointContainer#0-0-C-1] o.a.k.c.c.internals.ConsumerCoordinator  : [Consumer clientId=consumer-user-service-1, groupId=user-service] Discovered group coordinator redpanda:9092 (id: 2147483647 rack: null)
2025-09-04T13:26:43.337Z  INFO 1 --- [user-service] [kafka-coordinator-heartbeat-thread | user-service] o.a.k.c.c.internals.ConsumerCoordinator  : [Consumer clientId=consumer-user-service-1, groupId=user-service] Group coordinator redpanda:9092 (id: 2147483647 rack: null) is unavailable or invalid due to cause: session timed out without receiving a heartbeat response. isDisconnected: false. Rediscovery will be attempted.
2025-09-04T13:26:43.390Z  INFO 1 --- [user-service] [kafka-coordinator-heartbeat-thread | user-service] o.a.k.c.c.internals.ConsumerCoordinator  : [Consumer clientId=consumer-user-service-1, groupId=user-service] Requesting disconnect from last known coordinator redpanda:9092 (id: 2147483647 rack: null)
2025-09-04T13:26:43.461Z  INFO 1 --- [user-service] [kafka-coordinator-heartbeat-thread | user-service] org.apache.kafka.clients.NetworkClient   : [Consumer clientId=consumer-user-service-1, groupId=user-service] Client requested disconnect from node 2147483647
2025-09-04T13:26:43.589Z  INFO 1 --- [user-service] [org.springframework.kafka.KafkaListenerEndpointContainer#0-0-C-1] o.a.k.c.c.internals.ConsumerCoordinator  : [Consumer clientId=consumer-user-service-1, groupId=user-service] Discovered group coordinator redpanda:9092 (id: 2147483647 rack: null)
2025-09-04T15:11:49.022Z  INFO 1 --- [user-service] [org.springframework.kafka.KafkaListenerEndpointContainer#0-0-C-1] k.c.c.i.ConsumerRebalanceListenerInvoker : [Consumer clientId=consumer-user-service-1, groupId=user-service] Revoke previously assigned partitions user.identity-0
2025-09-04T15:11:49.049Z  INFO 1 --- [user-service] [org.springframework.kafka.KafkaListenerEndpointContainer#0-0-C-1] o.s.k.l.KafkaMessageListenerContainer    : user-service: partitions revoked: [user.identity-0]
2025-09-04T15:11:49.056Z  INFO 1 --- [user-service] [org.springframework.kafka.KafkaListenerEndpointContainer#0-0-C-1] o.a.k.c.c.internals.ConsumerCoordinator  : [Consumer clientId=consumer-user-service-1, groupId=user-service] Member consumer-user-service-1-c621d69b-6c20-47d2-8f28-88309053c6d6 sending LeaveGroup request to coordinator redpanda:9092 (id: 2147483647 rack: null) due to the consumer unsubscribed from all topics
2025-09-04T15:11:49.067Z  INFO 1 --- [user-service] [org.springframework.kafka.KafkaListenerEndpointContainer#0-0-C-1] o.a.k.c.c.internals.ConsumerCoordinator  : [Consumer clientId=consumer-user-service-1, groupId=user-service] Resetting generation and member id due to: consumer pro-actively leaving the group
2025-09-04T15:11:49.068Z  INFO 1 --- [user-service] [org.springframework.kafka.KafkaListenerEndpointContainer#0-0-C-1] o.a.k.c.c.internals.ConsumerCoordinator  : [Consumer clientId=consumer-user-service-1, groupId=user-service] Request joining group due to: consumer pro-actively leaving the group
2025-09-04T15:11:49.069Z  INFO 1 --- [user-service] [org.springframework.kafka.KafkaListenerEndpointContainer#0-0-C-1] o.a.k.c.c.i.ClassicKafkaConsumer         : [Consumer clientId=consumer-user-service-1, groupId=user-service] Unsubscribed all topics or patterns and assigned partitions
2025-09-04T15:11:49.099Z  INFO 1 --- [user-service] [org.springframework.kafka.KafkaListenerEndpointContainer#0-0-C-1] o.a.k.c.c.internals.ConsumerCoordinator  : [Consumer clientId=consumer-user-service-1, groupId=user-service] Resetting generation and member id due to: consumer pro-actively leaving the group
2025-09-04T15:11:49.100Z  INFO 1 --- [user-service] [org.springframework.kafka.KafkaListenerEndpointContainer#0-0-C-1] o.a.k.c.c.internals.ConsumerCoordinator  : [Consumer clientId=consumer-user-service-1, groupId=user-service] Request joining group due to: consumer pro-actively leaving the group
2025-09-04T15:11:49.677Z  INFO 1 --- [user-service] [org.springframework.kafka.KafkaListenerEndpointContainer#0-0-C-1] o.apache.kafka.common.metrics.Metrics    : Metrics scheduler closed
2025-09-04T15:11:49.682Z  INFO 1 --- [user-service] [org.springframework.kafka.KafkaListenerEndpointContainer#0-0-C-1] o.apache.kafka.common.metrics.Metrics    : Closing reporter org.apache.kafka.common.metrics.JmxReporter
2025-09-04T15:11:49.687Z  INFO 1 --- [user-service] [org.springframework.kafka.KafkaListenerEndpointContainer#0-0-C-1] o.apache.kafka.common.metrics.Metrics    : Closing reporter org.apache.kafka.common.telemetry.internals.ClientTelemetryReporter
2025-09-04T15:11:49.690Z  INFO 1 --- [user-service] [org.springframework.kafka.KafkaListenerEndpointContainer#0-0-C-1] o.apache.kafka.common.metrics.Metrics    : Metrics reporters closed
2025-09-04T15:11:49.774Z  INFO 1 --- [user-service] [org.springframework.kafka.KafkaListenerEndpointContainer#0-0-C-1] o.a.kafka.common.utils.AppInfoParser     : App info kafka.consumer for consumer-user-service-1 unregistered
2025-09-04T15:11:49.790Z  INFO 1 --- [user-service] [org.springframework.kafka.KafkaListenerEndpointContainer#0-0-C-1] o.s.k.l.KafkaMessageListenerContainer    : user-service: Consumer stopped
2025-09-04T15:11:49.843Z  INFO 1 --- [user-service] [SpringApplicationShutdownHook] o.s.b.w.e.tomcat.GracefulShutdown        : Commencing graceful shutdown. Waiting for active requests to complete
2025-09-04T15:11:49.937Z  INFO 1 --- [user-service] [tomcat-shutdown] o.s.b.w.e.tomcat.GracefulShutdown        : Graceful shutdown complete
2025-09-04T15:11:50.063Z  INFO 1 --- [user-service] [SpringApplicationShutdownHook] j.LocalContainerEntityManagerFactoryBean : Closing JPA EntityManagerFactory for persistence unit 'default'
2025-09-04T15:11:50.139Z  INFO 1 --- [user-service] [SpringApplicationShutdownHook] com.zaxxer.hikari.HikariDataSource       : HikariPool-1 - Shutdown initiated...
2025-09-04T15:11:50.172Z  INFO 1 --- [user-service] [SpringApplicationShutdownHook] com.zaxxer.hikari.HikariDataSource       : HikariPool-1 - Shutdown completed.
2025-09-04T15:11:55.648Z  INFO 1 --- [user-service] [main] c.w.userservice.UserServiceApplication   : Starting UserServiceApplication v0.0.1-SNAPSHOT using Java 17.0.2 with PID 1 (/app.jar started by root in /)
2025-09-04T15:11:55.659Z  INFO 1 --- [user-service] [main] c.w.userservice.UserServiceApplication   : The following 1 profile is active: "docker"
2025-09-04T15:11:57.681Z  INFO 1 --- [user-service] [main] .s.d.r.c.RepositoryConfigurationDelegate : Bootstrapping Spring Data JPA repositories in DEFAULT mode.
2025-09-04T15:11:57.805Z  INFO 1 --- [user-service] [main] .s.d.r.c.RepositoryConfigurationDelegate : Finished Spring Data repository scanning in 99 ms. Found 2 JPA repository interfaces.
2025-09-04T15:11:59.225Z  INFO 1 --- [user-service] [main] o.s.b.w.embedded.tomcat.TomcatWebServer  : Tomcat initialized with port 8082 (http)
2025-09-04T15:11:59.277Z  INFO 1 --- [user-service] [main] o.apache.catalina.core.StandardService   : Starting service [Tomcat]
2025-09-04T15:11:59.279Z  INFO 1 --- [user-service] [main] o.apache.catalina.core.StandardEngine    : Starting Servlet engine: [Apache Tomcat/10.1.44]
2025-09-04T15:11:59.370Z  INFO 1 --- [user-service] [main] o.a.c.c.C.[Tomcat].[localhost].[/]       : Initializing Spring embedded WebApplicationContext
2025-09-04T15:11:59.372Z  INFO 1 --- [user-service] [main] w.s.c.ServletWebServerApplicationContext : Root WebApplicationContext: initialization completed in 3527 ms
2025-09-04T15:11:59.996Z  INFO 1 --- [user-service] [main] o.hibernate.jpa.internal.util.LogHelper  : HHH000204: Processing PersistenceUnitInfo [name: default]
2025-09-04T15:12:00.195Z  INFO 1 --- [user-service] [main] org.hibernate.Version                    : HHH000412: Hibernate ORM core version 6.6.26.Final
2025-09-04T15:12:00.356Z  INFO 1 --- [user-service] [main] o.h.c.internal.RegionFactoryInitiator    : HHH000026: Second-level cache disabled
2025-09-04T15:12:01.023Z  INFO 1 --- [user-service] [main] o.s.o.j.p.SpringPersistenceUnitInfo      : No LoadTimeWeaver setup: ignoring JPA class transformer
2025-09-04T15:12:01.089Z  INFO 1 --- [user-service] [main] com.zaxxer.hikari.HikariDataSource       : HikariPool-1 - Starting...
2025-09-04T15:12:01.553Z  INFO 1 --- [user-service] [main] com.zaxxer.hikari.pool.HikariPool        : HikariPool-1 - Added connection com.mysql.cj.jdbc.ConnectionImpl@632d4cf2
2025-09-04T15:12:01.561Z  INFO 1 --- [user-service] [main] com.zaxxer.hikari.HikariDataSource       : HikariPool-1 - Start completed.
2025-09-04T15:12:01.653Z  WARN 1 --- [user-service] [main] org.hibernate.orm.deprecation            : HHH90000025: MySQL8Dialect does not need to be specified explicitly using 'hibernate.dialect' (remove the property setting and it will be selected by default)
2025-09-04T15:12:01.655Z  WARN 1 --- [user-service] [main] org.hibernate.orm.deprecation            : HHH90000026: MySQL8Dialect has been deprecated; use org.hibernate.dialect.MySQLDialect instead
2025-09-04T15:12:01.691Z  INFO 1 --- [user-service] [main] org.hibernate.orm.connections.pooling    : HHH10001005: Database info:
	Database JDBC URL [Connecting through datasource 'HikariDataSource (HikariPool-1)']
	Database driver: undefined/unknown
	Database version: 8.0
	Autocommit mode: undefined/unknown
	Isolation level: undefined/unknown
	Minimum pool size: undefined/unknown
	Maximum pool size: undefined/unknown
2025-09-04T15:12:03.296Z  INFO 1 --- [user-service] [main] o.h.e.t.j.p.i.JtaPlatformInitiator       : HHH000489: No JTA platform available (set 'hibernate.transaction.jta.platform' to enable JTA platform integration)
2025-09-04T15:12:03.570Z  INFO 1 --- [user-service] [main] j.LocalContainerEntityManagerFactoryBean : Initialized JPA EntityManagerFactory for persistence unit 'default'
2025-09-04T15:12:04.598Z  WARN 1 --- [user-service] [main] JpaBaseConfiguration$JpaWebConfiguration : spring.jpa.open-in-view is enabled by default. Therefore, database queries may be performed during view rendering. Explicitly configure spring.jpa.open-in-view to disable this warning
2025-09-04T15:12:04.677Z  WARN 1 --- [user-service] [main] .s.s.UserDetailsServiceAutoConfiguration : 

Using generated security password: 4f09cfea-917b-45f1-b4f2-a3c7358fb57d

This generated password is for development use only. Your security configuration must be updated before running your application in production.

2025-09-04T15:12:04.698Z  INFO 1 --- [user-service] [main] r$InitializeUserDetailsManagerConfigurer : Global AuthenticationManager configured with UserDetailsService bean with name inMemoryUserDetailsManager
2025-09-04T15:12:06.261Z  INFO 1 --- [user-service] [main] o.s.b.w.embedded.tomcat.TomcatWebServer  : Tomcat started on port 8082 (http) with context path '/'
2025-09-04T15:12:06.337Z  INFO 1 --- [user-service] [main] o.a.k.clients.consumer.ConsumerConfig    : ConsumerConfig values: 
	allow.auto.create.topics = true
	auto.commit.interval.ms = 5000
	auto.include.jmx.reporter = true
	auto.offset.reset = earliest
	bootstrap.servers = [redpanda:9092]
	check.crcs = true
	client.dns.lookup = use_all_dns_ips
	client.id = consumer-user-service-1
	client.rack = 
	connections.max.idle.ms = 540000
	default.api.timeout.ms = 60000
	enable.auto.commit = false
	enable.metrics.push = true
	exclude.internal.topics = true
	fetch.max.bytes = 52428800
	fetch.max.wait.ms = 500
	fetch.min.bytes = 1
	group.id = user-service
	group.instance.id = null
	group.protocol = classic
	group.remote.assignor = null
	heartbeat.interval.ms = 3000
	interceptor.classes = []
	internal.leave.group.on.close = true
	internal.throw.on.fetch.stable.offset.unsupported = false
	isolation.level = read_uncommitted
	key.deserializer = class org.apache.kafka.common.serialization.StringDeserializer
	max.partition.fetch.bytes = 1048576
	max.poll.interval.ms = 300000
	max.poll.records = 500
	metadata.max.age.ms = 300000
	metadata.recovery.strategy = none
	metric.reporters = []
	metrics.num.samples = 2
	metrics.recording.level = INFO
	metrics.sample.window.ms = 30000
	partition.assignment.strategy = [class org.apache.kafka.clients.consumer.RangeAssignor, class org.apache.kafka.clients.consumer.CooperativeStickyAssignor]
	receive.buffer.bytes = 65536
	reconnect.backoff.max.ms = 1000
	reconnect.backoff.ms = 50
	request.timeout.ms = 30000
	retry.backoff.max.ms = 1000
	retry.backoff.ms = 100
	sasl.client.callback.handler.class = null
	sasl.jaas.config = null
	sasl.kerberos.kinit.cmd = /usr/bin/kinit
	sasl.kerberos.min.time.before.relogin = 60000
	sasl.kerberos.service.name = null
	sasl.kerberos.ticket.renew.jitter = 0.05
	sasl.kerberos.ticket.renew.window.factor = 0.8
	sasl.login.callback.handler.class = null
	sasl.login.class = null
	sasl.login.connect.timeout.ms = null
	sasl.login.read.timeout.ms = null
	sasl.login.refresh.buffer.seconds = 300
	sasl.login.refresh.min.period.seconds = 60
	sasl.login.refresh.window.factor = 0.8
	sasl.login.refresh.window.jitter = 0.05
	sasl.login.retry.backoff.max.ms = 10000
	sasl.login.retry.backoff.ms = 100
	sasl.mechanism = GSSAPI
	sasl.oauthbearer.clock.skew.seconds = 30
	sasl.oauthbearer.expected.audience = null
	sasl.oauthbearer.expected.issuer = null
	sasl.oauthbearer.header.urlencode = false
	sasl.oauthbearer.jwks.endpoint.refresh.ms = 3600000
	sasl.oauthbearer.jwks.endpoint.retry.backoff.max.ms = 10000
	sasl.oauthbearer.jwks.endpoint.retry.backoff.ms = 100
	sasl.oauthbearer.jwks.endpoint.url = null
	sasl.oauthbearer.scope.claim.name = scope
	sasl.oauthbearer.sub.claim.name = sub
	sasl.oauthbearer.token.endpoint.url = null
	security.protocol = PLAINTEXT
	security.providers = null
	send.buffer.bytes = 131072
	session.timeout.ms = 45000
	socket.connection.setup.timeout.max.ms = 30000
	socket.connection.setup.timeout.ms = 10000
	ssl.cipher.suites = null
	ssl.enabled.protocols = [TLSv1.2, TLSv1.3]
	ssl.endpoint.identification.algorithm = https
	ssl.engine.factory.class = null
	ssl.key.password = null
	ssl.keymanager.algorithm = SunX509
	ssl.keystore.certificate.chain = null
	ssl.keystore.key = null
	ssl.keystore.location = null
	ssl.keystore.password = null
	ssl.keystore.type = JKS
	ssl.protocol = TLSv1.3
	ssl.provider = null
	ssl.secure.random.implementation = null
	ssl.trustmanager.algorithm = PKIX
	ssl.truststore.certificates = null
	ssl.truststore.location = null
	ssl.truststore.password = null
	ssl.truststore.type = JKS
	value.deserializer = class org.apache.kafka.common.serialization.StringDeserializer

2025-09-04T15:12:06.412Z  INFO 1 --- [user-service] [main] o.a.k.c.t.i.KafkaMetricsCollector        : initializing Kafka metrics collector
2025-09-04T15:12:06.691Z  INFO 1 --- [user-service] [main] o.a.kafka.common.utils.AppInfoParser     : Kafka version: 3.9.1
2025-09-04T15:12:06.693Z  INFO 1 --- [user-service] [main] o.a.kafka.common.utils.AppInfoParser     : Kafka commitId: f745dfdcee2b9851
2025-09-04T15:12:06.695Z  INFO 1 --- [user-service] [main] o.a.kafka.common.utils.AppInfoParser     : Kafka startTimeMs: 1756998726690
2025-09-04T15:12:06.704Z  INFO 1 --- [user-service] [main] o.a.k.c.c.i.ClassicKafkaConsumer         : [Consumer clientId=consumer-user-service-1, groupId=user-service] Subscribed to topic(s): user.identity
2025-09-04T15:12:06.767Z  INFO 1 --- [user-service] [main] c.w.userservice.UserServiceApplication   : Started UserServiceApplication in 12.604 seconds (process running for 14.537)
2025-09-04T15:12:07.439Z  INFO 1 --- [user-service] [org.springframework.kafka.KafkaListenerEndpointContainer#0-0-C-1] org.apache.kafka.clients.Metadata        : [Consumer clientId=consumer-user-service-1, groupId=user-service] Cluster ID: redpanda.ad248c60-37ec-4966-afb3-745160d96ba1
2025-09-04T15:12:07.449Z  INFO 1 --- [user-service] [org.springframework.kafka.KafkaListenerEndpointContainer#0-0-C-1] o.a.k.c.c.internals.ConsumerCoordinator  : [Consumer clientId=consumer-user-service-1, groupId=user-service] Discovered group coordinator redpanda:9092 (id: 2147483647 rack: null)
2025-09-04T15:12:07.455Z  INFO 1 --- [user-service] [org.springframework.kafka.KafkaListenerEndpointContainer#0-0-C-1] o.a.k.c.c.internals.ConsumerCoordinator  : [Consumer clientId=consumer-user-service-1, groupId=user-service] (Re-)joining group
2025-09-04T15:12:07.488Z  INFO 1 --- [user-service] [org.springframework.kafka.KafkaListenerEndpointContainer#0-0-C-1] o.a.k.c.c.internals.ConsumerCoordinator  : [Consumer clientId=consumer-user-service-1, groupId=user-service] Request joining group due to: need to re-join with the given member-id: consumer-user-service-1-a5949cfe-74d3-411a-923a-3e5fe640724e
2025-09-04T15:12:07.490Z  INFO 1 --- [user-service] [org.springframework.kafka.KafkaListenerEndpointContainer#0-0-C-1] o.a.k.c.c.internals.ConsumerCoordinator  : [Consumer clientId=consumer-user-service-1, groupId=user-service] (Re-)joining group
2025-09-04T15:12:07.495Z  INFO 1 --- [user-service] [org.springframework.kafka.KafkaListenerEndpointContainer#0-0-C-1] o.a.k.c.c.internals.ConsumerCoordinator  : [Consumer clientId=consumer-user-service-1, groupId=user-service] Successfully joined group with generation Generation{generationId=3, memberId='consumer-user-service-1-a5949cfe-74d3-411a-923a-3e5fe640724e', protocol='range'}
2025-09-04T15:12:07.513Z  INFO 1 --- [user-service] [org.springframework.kafka.KafkaListenerEndpointContainer#0-0-C-1] o.a.k.c.c.internals.ConsumerCoordinator  : [Consumer clientId=consumer-user-service-1, groupId=user-service] Finished assignment for group at generation 3: {consumer-user-service-1-a5949cfe-74d3-411a-923a-3e5fe640724e=Assignment(partitions=[user.identity-0])}
2025-09-04T15:12:07.546Z  INFO 1 --- [user-service] [org.springframework.kafka.KafkaListenerEndpointContainer#0-0-C-1] o.a.k.c.c.internals.ConsumerCoordinator  : [Consumer clientId=consumer-user-service-1, groupId=user-service] Successfully synced group in generation Generation{generationId=3, memberId='consumer-user-service-1-a5949cfe-74d3-411a-923a-3e5fe640724e', protocol='range'}
2025-09-04T15:12:07.548Z  INFO 1 --- [user-service] [org.springframework.kafka.KafkaListenerEndpointContainer#0-0-C-1] o.a.k.c.c.internals.ConsumerCoordinator  : [Consumer clientId=consumer-user-service-1, groupId=user-service] Notifying assignor about the new Assignment(partitions=[user.identity-0])
2025-09-04T15:12:07.555Z  INFO 1 --- [user-service] [org.springframework.kafka.KafkaListenerEndpointContainer#0-0-C-1] k.c.c.i.ConsumerRebalanceListenerInvoker : [Consumer clientId=consumer-user-service-1, groupId=user-service] Adding newly assigned partitions: user.identity-0
2025-09-04T15:12:07.573Z  INFO 1 --- [user-service] [org.springframework.kafka.KafkaListenerEndpointContainer#0-0-C-1] o.a.k.c.c.internals.ConsumerUtils        : Setting offset for partition user.identity-0 to the committed offset FetchPosition{offset=2, offsetEpoch=Optional.empty, currentLeader=LeaderAndEpoch{leader=Optional[redpanda:9092 (id: 0 rack: null)], epoch=absent}}
2025-09-04T15:12:07.578Z  INFO 1 --- [user-service] [org.springframework.kafka.KafkaListenerEndpointContainer#0-0-C-1] o.s.k.l.KafkaMessageListenerContainer    : user-service: partitions assigned: [user.identity-0]
2025-09-04T15:15:17.551Z ERROR 1 --- [user-service] [org.springframework.kafka.KafkaListenerEndpointContainer#0-0-C-1] o.s.kafka.listener.DefaultErrorHandler   : Backoff FixedBackOff{interval=0, currentAttempts=1, maxAttempts=0} exhausted for user.identity-0@2

org.springframework.kafka.listener.ListenerExecutionFailedException: Listener method could not be invoked with the incoming message
Endpoint handler details:
Method [public void com.womensafety.userservice.kafka.UserCreatedConsumer.consume(com.womensafety.userservice.event.UserCreatedEvent)]
Bean [com.womensafety.userservice.kafka.UserCreatedConsumer@7207f3c2]
	at org.springframework.kafka.listener.KafkaMessageListenerContainer$ListenerConsumer.decorateException(KafkaMessageListenerContainer.java:2994) ~[spring-kafka-3.3.9.jar!/:3.3.9]
	at org.springframework.kafka.listener.KafkaMessageListenerContainer$ListenerConsumer.doInvokeOnMessage(KafkaMessageListenerContainer.java:2901) ~[spring-kafka-3.3.9.jar!/:3.3.9]
	at org.springframework.kafka.listener.KafkaMessageListenerContainer$ListenerConsumer.invokeOnMessage(KafkaMessageListenerContainer.java:2865) ~[spring-kafka-3.3.9.jar!/:3.3.9]
	at org.springframework.kafka.listener.KafkaMessageListenerContainer$ListenerConsumer.doInvokeRecordListener(KafkaMessageListenerContainer.java:2777) ~[spring-kafka-3.3.9.jar!/:3.3.9]
	at org.springframework.kafka.listener.KafkaMessageListenerContainer$ListenerConsumer.doInvokeWithRecords(KafkaMessageListenerContainer.java:2614) ~[spring-kafka-3.3.9.jar!/:3.3.9]
	at org.springframework.kafka.listener.KafkaMessageListenerContainer$ListenerConsumer.invokeRecordListener(KafkaMessageListenerContainer.java:2503) ~[spring-kafka-3.3.9.jar!/:3.3.9]
	at org.springframework.kafka.listener.KafkaMessageListenerContainer$ListenerConsumer.invokeListener(KafkaMessageListenerContainer.java:2152) ~[spring-kafka-3.3.9.jar!/:3.3.9]
	at org.springframework.kafka.listener.KafkaMessageListenerContainer$ListenerConsumer.invokeIfHaveRecords(KafkaMessageListenerContainer.java:1528) ~[spring-kafka-3.3.9.jar!/:3.3.9]
	at org.springframework.kafka.listener.KafkaMessageListenerContainer$ListenerConsumer.pollAndInvoke(KafkaMessageListenerContainer.java:1466) ~[spring-kafka-3.3.9.jar!/:3.3.9]
	at org.springframework.kafka.listener.KafkaMessageListenerContainer$ListenerConsumer.run(KafkaMessageListenerContainer.java:1335) ~[spring-kafka-3.3.9.jar!/:3.3.9]
	at java.base/java.util.concurrent.CompletableFuture$AsyncRun.run(CompletableFuture.java:1804) ~[na:na]
	at java.base/java.lang.Thread.run(Thread.java:833) ~[na:na]
	Suppressed: org.springframework.kafka.listener.ListenerExecutionFailedException: Restored Stack Trace
		at org.springframework.kafka.listener.adapter.MessagingMessageListenerAdapter.checkAckArg(MessagingMessageListenerAdapter.java:500) ~[spring-kafka-3.3.9.jar!/:3.3.9]
		at org.springframework.kafka.listener.adapter.MessagingMessageListenerAdapter.invokeHandler(MessagingMessageListenerAdapter.java:479) ~[spring-kafka-3.3.9.jar!/:3.3.9]
		at org.springframework.kafka.listener.adapter.MessagingMessageListenerAdapter.invoke(MessagingMessageListenerAdapter.java:421) ~[spring-kafka-3.3.9.jar!/:3.3.9]
		at org.springframework.kafka.listener.adapter.RecordMessagingMessageListenerAdapter.onMessage(RecordMessagingMessageListenerAdapter.java:85) ~[spring-kafka-3.3.9.jar!/:3.3.9]
		at org.springframework.kafka.listener.adapter.RecordMessagingMessageListenerAdapter.onMessage(RecordMessagingMessageListenerAdapter.java:50) ~[spring-kafka-3.3.9.jar!/:3.3.9]
		at org.springframework.kafka.listener.KafkaMessageListenerContainer$ListenerConsumer.doInvokeOnMessage(KafkaMessageListenerContainer.java:2887) ~[spring-kafka-3.3.9.jar!/:3.3.9]
Caused by: org.springframework.messaging.converter.MessageConversionException: Cannot handle message
	at org.springframework.kafka.listener.adapter.MessagingMessageListenerAdapter.invokeHandler(MessagingMessageListenerAdapter.java:479) ~[spring-kafka-3.3.9.jar!/:3.3.9]
	at org.springframework.kafka.listener.adapter.MessagingMessageListenerAdapter.invoke(MessagingMessageListenerAdapter.java:421) ~[spring-kafka-3.3.9.jar!/:3.3.9]
	at org.springframework.kafka.listener.adapter.RecordMessagingMessageListenerAdapter.onMessage(RecordMessagingMessageListenerAdapter.java:85) ~[spring-kafka-3.3.9.jar!/:3.3.9]
	at org.springframework.kafka.listener.adapter.RecordMessagingMessageListenerAdapter.onMessage(RecordMessagingMessageListenerAdapter.java:50) ~[spring-kafka-3.3.9.jar!/:3.3.9]
	at org.springframework.kafka.listener.KafkaMessageListenerContainer$ListenerConsumer.doInvokeOnMessage(KafkaMessageListenerContainer.java:2887) ~[spring-kafka-3.3.9.jar!/:3.3.9]
	... 10 common frames omitted
Caused by: org.springframework.messaging.converter.MessageConversionException: Cannot convert from [java.lang.String] to [com.womensafety.userservice.event.UserCreatedEvent] for GenericMessage [payload={"userId":3,"email":"ramyaR@gm.com","username":"RamyaBangalore","verified":false}, headers={kafka_offset=2, kafka_consumer=org.springframework.kafka.core.DefaultKafkaConsumerFactory$ExtendedKafkaConsumer@361466e, kafka_timestampType=CREATE_TIME, kafka_receivedPartitionId=0, kafka_receivedTopic=user.identity, kafka_receivedTimestamp=1756998917362, __TypeId__=[B@26e6b069, kafka_groupId=user-service}]
	at org.springframework.messaging.handler.annotation.support.PayloadMethodArgumentResolver.resolveArgument(PayloadMethodArgumentResolver.java:151) ~[spring-messaging-6.2.10.jar!/:6.2.10]
	at org.springframework.kafka.listener.adapter.KafkaNullAwarePayloadArgumentResolver.resolveArgument(KafkaNullAwarePayloadArgumentResolver.java:48) ~[spring-kafka-3.3.9.jar!/:3.3.9]
	at org.springframework.messaging.handler.invocation.HandlerMethodArgumentResolverComposite.resolveArgument(HandlerMethodArgumentResolverComposite.java:118) ~[spring-messaging-6.2.10.jar!/:6.2.10]
	at org.springframework.messaging.handler.invocation.InvocableHandlerMethod.getMethodArgumentValues(InvocableHandlerMethod.java:147) ~[spring-messaging-6.2.10.jar!/:6.2.10]
	at org.springframework.messaging.handler.invocation.InvocableHandlerMethod.invoke(InvocableHandlerMethod.java:115) ~[spring-messaging-6.2.10.jar!/:6.2.10]
	at org.springframework.kafka.listener.adapter.HandlerAdapter.invoke(HandlerAdapter.java:78) ~[spring-kafka-3.3.9.jar!/:3.3.9]
	at org.springframework.kafka.listener.adapter.MessagingMessageListenerAdapter.invokeHandler(MessagingMessageListenerAdapter.java:475) ~[spring-kafka-3.3.9.jar!/:3.3.9]
	... 14 common frames omitted

2025-09-04T15:25:52.006Z  INFO 1 --- [user-service] [org.springframework.kafka.KafkaListenerEndpointContainer#0-0-C-1] k.c.c.i.ConsumerRebalanceListenerInvoker : [Consumer clientId=consumer-user-service-1, groupId=user-service] Revoke previously assigned partitions user.identity-0
2025-09-04T15:25:52.021Z  INFO 1 --- [user-service] [org.springframework.kafka.KafkaListenerEndpointContainer#0-0-C-1] o.s.k.l.KafkaMessageListenerContainer    : user-service: partitions revoked: [user.identity-0]
2025-09-04T15:25:52.024Z  INFO 1 --- [user-service] [org.springframework.kafka.KafkaListenerEndpointContainer#0-0-C-1] o.a.k.c.c.internals.ConsumerCoordinator  : [Consumer clientId=consumer-user-service-1, groupId=user-service] Member consumer-user-service-1-a5949cfe-74d3-411a-923a-3e5fe640724e sending LeaveGroup request to coordinator redpanda:9092 (id: 2147483647 rack: null) due to the consumer unsubscribed from all topics
2025-09-04T15:25:52.027Z  INFO 1 --- [user-service] [org.springframework.kafka.KafkaListenerEndpointContainer#0-0-C-1] o.a.k.c.c.internals.ConsumerCoordinator  : [Consumer clientId=consumer-user-service-1, groupId=user-service] Resetting generation and member id due to: consumer pro-actively leaving the group
2025-09-04T15:25:52.030Z  INFO 1 --- [user-service] [org.springframework.kafka.KafkaListenerEndpointContainer#0-0-C-1] o.a.k.c.c.internals.ConsumerCoordinator  : [Consumer clientId=consumer-user-service-1, groupId=user-service] Request joining group due to: consumer pro-actively leaving the group
2025-09-04T15:25:52.036Z  INFO 1 --- [user-service] [org.springframework.kafka.KafkaListenerEndpointContainer#0-0-C-1] o.a.k.c.c.i.ClassicKafkaConsumer         : [Consumer clientId=consumer-user-service-1, groupId=user-service] Unsubscribed all topics or patterns and assigned partitions
2025-09-04T15:25:52.049Z  INFO 1 --- [user-service] [org.springframework.kafka.KafkaListenerEndpointContainer#0-0-C-1] o.a.k.c.c.internals.ConsumerCoordinator  : [Consumer clientId=consumer-user-service-1, groupId=user-service] Resetting generation and member id due to: consumer pro-actively leaving the group
2025-09-04T15:25:52.052Z  INFO 1 --- [user-service] [org.springframework.kafka.KafkaListenerEndpointContainer#0-0-C-1] o.a.k.c.c.internals.ConsumerCoordinator  : [Consumer clientId=consumer-user-service-1, groupId=user-service] Request joining group due to: consumer pro-actively leaving the group
2025-09-04T15:25:52.599Z  INFO 1 --- [user-service] [org.springframework.kafka.KafkaListenerEndpointContainer#0-0-C-1] o.apache.kafka.common.metrics.Metrics    : Metrics scheduler closed
2025-09-04T15:25:52.601Z  INFO 1 --- [user-service] [org.springframework.kafka.KafkaListenerEndpointContainer#0-0-C-1] o.apache.kafka.common.metrics.Metrics    : Closing reporter org.apache.kafka.common.metrics.JmxReporter
2025-09-04T15:25:52.604Z  INFO 1 --- [user-service] [org.springframework.kafka.KafkaListenerEndpointContainer#0-0-C-1] o.apache.kafka.common.metrics.Metrics    : Closing reporter org.apache.kafka.common.telemetry.internals.ClientTelemetryReporter
2025-09-04T15:25:52.606Z  INFO 1 --- [user-service] [org.springframework.kafka.KafkaListenerEndpointContainer#0-0-C-1] o.apache.kafka.common.metrics.Metrics    : Metrics reporters closed
2025-09-04T15:25:52.651Z  INFO 1 --- [user-service] [org.springframework.kafka.KafkaListenerEndpointContainer#0-0-C-1] o.a.kafka.common.utils.AppInfoParser     : App info kafka.consumer for consumer-user-service-1 unregistered
2025-09-04T15:25:52.657Z  INFO 1 --- [user-service] [org.springframework.kafka.KafkaListenerEndpointContainer#0-0-C-1] o.s.k.l.KafkaMessageListenerContainer    : user-service: Consumer stopped
2025-09-04T15:25:52.674Z  INFO 1 --- [user-service] [SpringApplicationShutdownHook] o.s.b.w.e.tomcat.GracefulShutdown        : Commencing graceful shutdown. Waiting for active requests to complete
2025-09-04T15:25:52.699Z  INFO 1 --- [user-service] [tomcat-shutdown] o.s.b.w.e.tomcat.GracefulShutdown        : Graceful shutdown complete
2025-09-04T15:25:52.723Z  INFO 1 --- [user-service] [SpringApplicationShutdownHook] j.LocalContainerEntityManagerFactoryBean : Closing JPA EntityManagerFactory for persistence unit 'default'
2025-09-04T15:25:52.735Z  INFO 1 --- [user-service] [SpringApplicationShutdownHook] com.zaxxer.hikari.HikariDataSource       : HikariPool-1 - Shutdown initiated...
2025-09-04T15:25:52.758Z  INFO 1 --- [user-service] [SpringApplicationShutdownHook] com.zaxxer.hikari.HikariDataSource       : HikariPool-1 - Shutdown completed.
2025-09-04T15:25:56.729Z  INFO 1 --- [user-service] [main] c.w.userservice.UserServiceApplication   : Starting UserServiceApplication v0.0.1-SNAPSHOT using Java 17.0.2 with PID 1 (/app.jar started by root in /)
2025-09-04T15:25:56.736Z  INFO 1 --- [user-service] [main] c.w.userservice.UserServiceApplication   : The following 1 profile is active: "docker"
2025-09-04T15:25:58.519Z  INFO 1 --- [user-service] [main] .s.d.r.c.RepositoryConfigurationDelegate : Bootstrapping Spring Data JPA repositories in DEFAULT mode.
2025-09-04T15:25:58.662Z  INFO 1 --- [user-service] [main] .s.d.r.c.RepositoryConfigurationDelegate : Finished Spring Data repository scanning in 111 ms. Found 2 JPA repository interfaces.
2025-09-04T15:26:00.086Z  INFO 1 --- [user-service] [main] o.s.b.w.embedded.tomcat.TomcatWebServer  : Tomcat initialized with port 8082 (http)
2025-09-04T15:26:00.118Z  INFO 1 --- [user-service] [main] o.apache.catalina.core.StandardService   : Starting service [Tomcat]
2025-09-04T15:26:00.120Z  INFO 1 --- [user-service] [main] o.apache.catalina.core.StandardEngine    : Starting Servlet engine: [Apache Tomcat/10.1.44]
2025-09-04T15:26:00.220Z  INFO 1 --- [user-service] [main] o.a.c.c.C.[Tomcat].[localhost].[/]       : Initializing Spring embedded WebApplicationContext
2025-09-04T15:26:00.221Z  INFO 1 --- [user-service] [main] w.s.c.ServletWebServerApplicationContext : Root WebApplicationContext: initialization completed in 3351 ms
2025-09-04T15:26:00.774Z  INFO 1 --- [user-service] [main] o.hibernate.jpa.internal.util.LogHelper  : HHH000204: Processing PersistenceUnitInfo [name: default]
2025-09-04T15:26:00.903Z  INFO 1 --- [user-service] [main] org.hibernate.Version                    : HHH000412: Hibernate ORM core version 6.6.26.Final
2025-09-04T15:26:00.999Z  INFO 1 --- [user-service] [main] o.h.c.internal.RegionFactoryInitiator    : HHH000026: Second-level cache disabled
2025-09-04T15:26:01.662Z  INFO 1 --- [user-service] [main] o.s.o.j.p.SpringPersistenceUnitInfo      : No LoadTimeWeaver setup: ignoring JPA class transformer
2025-09-04T15:26:01.732Z  INFO 1 --- [user-service] [main] com.zaxxer.hikari.HikariDataSource       : HikariPool-1 - Starting...
2025-09-04T15:26:02.152Z  INFO 1 --- [user-service] [main] com.zaxxer.hikari.pool.HikariPool        : HikariPool-1 - Added connection com.mysql.cj.jdbc.ConnectionImpl@28ce75ec
2025-09-04T15:26:02.159Z  INFO 1 --- [user-service] [main] com.zaxxer.hikari.HikariDataSource       : HikariPool-1 - Start completed.
2025-09-04T15:26:02.316Z  WARN 1 --- [user-service] [main] org.hibernate.orm.deprecation            : HHH90000025: MySQLDialect does not need to be specified explicitly using 'hibernate.dialect' (remove the property setting and it will be selected by default)
2025-09-04T15:26:02.358Z  INFO 1 --- [user-service] [main] org.hibernate.orm.connections.pooling    : HHH10001005: Database info:
	Database JDBC URL [Connecting through datasource 'HikariDataSource (HikariPool-1)']
	Database driver: undefined/unknown
	Database version: 8.0.43
	Autocommit mode: undefined/unknown
	Isolation level: undefined/unknown
	Minimum pool size: undefined/unknown
	Maximum pool size: undefined/unknown
2025-09-04T15:26:03.954Z  INFO 1 --- [user-service] [main] o.h.e.t.j.p.i.JtaPlatformInitiator       : HHH000489: No JTA platform available (set 'hibernate.transaction.jta.platform' to enable JTA platform integration)
2025-09-04T15:26:04.102Z  INFO 1 --- [user-service] [main] j.LocalContainerEntityManagerFactoryBean : Initialized JPA EntityManagerFactory for persistence unit 'default'
2025-09-04T15:26:04.897Z  WARN 1 --- [user-service] [main] ConfigServletWebServerApplicationContext : Exception encountered during context initialization - cancelling refresh attempt: org.springframework.beans.factory.BeanCreationException: Error creating bean with name 'userCreatedConsumer' defined in URL [jar:nested:/app.jar/!BOOT-INF/classes/!/com/womensafety/userservice/kafka/UserCreatedConsumer.class]: No Kafka listener methods in bean: com.womensafety.userservice.kafka.UserCreatedConsumer@16e3d6d0
2025-09-04T15:26:04.900Z  INFO 1 --- [user-service] [main] j.LocalContainerEntityManagerFactoryBean : Closing JPA EntityManagerFactory for persistence unit 'default'
2025-09-04T15:26:04.912Z  INFO 1 --- [user-service] [main] com.zaxxer.hikari.HikariDataSource       : HikariPool-1 - Shutdown initiated...
2025-09-04T15:26:04.933Z  INFO 1 --- [user-service] [main] com.zaxxer.hikari.HikariDataSource       : HikariPool-1 - Shutdown completed.
2025-09-04T15:26:04.941Z  INFO 1 --- [user-service] [main] o.apache.catalina.core.StandardService   : Stopping service [Tomcat]
2025-09-04T15:26:04.976Z  INFO 1 --- [user-service] [main] .s.b.a.l.ConditionEvaluationReportLogger : 

Error starting ApplicationContext. To display the condition evaluation report re-run your application with 'debug' enabled.
2025-09-04T15:26:05.030Z ERROR 1 --- [user-service] [main] o.s.boot.SpringApplication               : Application run failed

org.springframework.beans.factory.BeanCreationException: Error creating bean with name 'userCreatedConsumer' defined in URL [jar:nested:/app.jar/!BOOT-INF/classes/!/com/womensafety/userservice/kafka/UserCreatedConsumer.class]: No Kafka listener methods in bean: com.womensafety.userservice.kafka.UserCreatedConsumer@16e3d6d0
	at org.springframework.beans.factory.support.AbstractAutowireCapableBeanFactory.doCreateBean(AbstractAutowireCapableBeanFactory.java:614) ~[spring-beans-6.2.10.jar!/:6.2.10]
	at org.springframework.beans.factory.support.AbstractAutowireCapableBeanFactory.createBean(AbstractAutowireCapableBeanFactory.java:529) ~[spring-beans-6.2.10.jar!/:6.2.10]
	at org.springframework.beans.factory.support.AbstractBeanFactory.lambda$doGetBean$0(AbstractBeanFactory.java:339) ~[spring-beans-6.2.10.jar!/:6.2.10]
	at org.springframework.beans.factory.support.DefaultSingletonBeanRegistry.getSingleton(DefaultSingletonBeanRegistry.java:373) ~[spring-beans-6.2.10.jar!/:6.2.10]
	at org.springframework.beans.factory.support.AbstractBeanFactory.doGetBean(AbstractBeanFactory.java:337) ~[spring-beans-6.2.10.jar!/:6.2.10]
	at org.springframework.beans.factory.support.AbstractBeanFactory.getBean(AbstractBeanFactory.java:202) ~[spring-beans-6.2.10.jar!/:6.2.10]
	at org.springframework.beans.factory.support.DefaultListableBeanFactory.instantiateSingleton(DefaultListableBeanFactory.java:1222) ~[spring-beans-6.2.10.jar!/:6.2.10]
	at org.springframework.beans.factory.support.DefaultListableBeanFactory.preInstantiateSingleton(DefaultListableBeanFactory.java:1188) ~[spring-beans-6.2.10.jar!/:6.2.10]
	at org.springframework.beans.factory.support.DefaultListableBeanFactory.preInstantiateSingletons(DefaultListableBeanFactory.java:1123) ~[spring-beans-6.2.10.jar!/:6.2.10]
	at org.springframework.context.support.AbstractApplicationContext.finishBeanFactoryInitialization(AbstractApplicationContext.java:987) ~[spring-context-6.2.10.jar!/:6.2.10]
	at org.springframework.context.support.AbstractApplicationContext.refresh(AbstractApplicationContext.java:627) ~[spring-context-6.2.10.jar!/:6.2.10]
	at org.springframework.boot.web.servlet.context.ServletWebServerApplicationContext.refresh(ServletWebServerApplicationContext.java:146) ~[spring-boot-3.5.5.jar!/:3.5.5]
	at org.springframework.boot.SpringApplication.refresh(SpringApplication.java:752) ~[spring-boot-3.5.5.jar!/:3.5.5]
	at org.springframework.boot.SpringApplication.refreshContext(SpringApplication.java:439) ~[spring-boot-3.5.5.jar!/:3.5.5]
	at org.springframework.boot.SpringApplication.run(SpringApplication.java:318) ~[spring-boot-3.5.5.jar!/:3.5.5]
	at org.springframework.boot.SpringApplication.run(SpringApplication.java:1361) ~[spring-boot-3.5.5.jar!/:3.5.5]
	at org.springframework.boot.SpringApplication.run(SpringApplication.java:1350) ~[spring-boot-3.5.5.jar!/:3.5.5]
	at com.womensafety.userservice.UserServiceApplication.main(UserServiceApplication.java:15) ~[!/:0.0.1-SNAPSHOT]
	at java.base/jdk.internal.reflect.NativeMethodAccessorImpl.invoke0(Native Method) ~[na:na]
	at java.base/jdk.internal.reflect.NativeMethodAccessorImpl.invoke(NativeMethodAccessorImpl.java:77) ~[na:na]
	at java.base/jdk.internal.reflect.DelegatingMethodAccessorImpl.invoke(DelegatingMethodAccessorImpl.java:43) ~[na:na]
	at java.base/java.lang.reflect.Method.invoke(Method.java:568) ~[na:na]
	at org.springframework.boot.loader.launch.Launcher.launch(Launcher.java:102) ~[app.jar:0.0.1-SNAPSHOT]
	at org.springframework.boot.loader.launch.Launcher.launch(Launcher.java:64) ~[app.jar:0.0.1-SNAPSHOT]
	at org.springframework.boot.loader.launch.JarLauncher.main(JarLauncher.java:40) ~[app.jar:0.0.1-SNAPSHOT]
Caused by: java.lang.IllegalStateException: No Kafka listener methods in bean: com.womensafety.userservice.kafka.UserCreatedConsumer@16e3d6d0
	at org.springframework.kafka.annotation.KafkaListenerAnnotationBeanPostProcessor.postProcessAfterInitialization(KafkaListenerAnnotationBeanPostProcessor.java:419) ~[spring-kafka-3.3.9.jar!/:3.3.9]
	at org.springframework.beans.factory.support.AbstractAutowireCapableBeanFactory.applyBeanPostProcessorsAfterInitialization(AbstractAutowireCapableBeanFactory.java:445) ~[spring-beans-6.2.10.jar!/:6.2.10]
	at org.springframework.beans.factory.support.AbstractAutowireCapableBeanFactory.initializeBean(AbstractAutowireCapableBeanFactory.java:1829) ~[spring-beans-6.2.10.jar!/:6.2.10]
	at org.springframework.beans.factory.support.AbstractAutowireCapableBeanFactory.doCreateBean(AbstractAutowireCapableBeanFactory.java:607) ~[spring-beans-6.2.10.jar!/:6.2.10]
	... 24 common frames omitted

2025-09-04T15:33:18.253Z  INFO 1 --- [user-service] [main] c.w.userservice.UserServiceApplication   : Starting UserServiceApplication v0.0.1-SNAPSHOT using Java 17.0.2 with PID 1 (/app.jar started by root in /)
2025-09-04T15:33:18.260Z  INFO 1 --- [user-service] [main] c.w.userservice.UserServiceApplication   : The following 1 profile is active: "docker"
2025-09-04T15:33:20.009Z  INFO 1 --- [user-service] [main] .s.d.r.c.RepositoryConfigurationDelegate : Bootstrapping Spring Data JPA repositories in DEFAULT mode.
2025-09-04T15:33:20.145Z  INFO 1 --- [user-service] [main] .s.d.r.c.RepositoryConfigurationDelegate : Finished Spring Data repository scanning in 112 ms. Found 2 JPA repository interfaces.
2025-09-04T15:33:21.555Z  INFO 1 --- [user-service] [main] o.s.b.w.embedded.tomcat.TomcatWebServer  : Tomcat initialized with port 8082 (http)
2025-09-04T15:33:21.590Z  INFO 1 --- [user-service] [main] o.apache.catalina.core.StandardService   : Starting service [Tomcat]
2025-09-04T15:33:21.592Z  INFO 1 --- [user-service] [main] o.apache.catalina.core.StandardEngine    : Starting Servlet engine: [Apache Tomcat/10.1.44]
2025-09-04T15:33:21.677Z  INFO 1 --- [user-service] [main] o.a.c.c.C.[Tomcat].[localhost].[/]       : Initializing Spring embedded WebApplicationContext
2025-09-04T15:33:21.678Z  INFO 1 --- [user-service] [main] w.s.c.ServletWebServerApplicationContext : Root WebApplicationContext: initialization completed in 3253 ms
2025-09-04T15:33:22.128Z  INFO 1 --- [user-service] [main] o.hibernate.jpa.internal.util.LogHelper  : HHH000204: Processing PersistenceUnitInfo [name: default]
2025-09-04T15:33:22.271Z  INFO 1 --- [user-service] [main] org.hibernate.Version                    : HHH000412: Hibernate ORM core version 6.6.26.Final
2025-09-04T15:33:22.443Z  INFO 1 --- [user-service] [main] o.h.c.internal.RegionFactoryInitiator    : HHH000026: Second-level cache disabled
2025-09-04T15:33:23.180Z  INFO 1 --- [user-service] [main] o.s.o.j.p.SpringPersistenceUnitInfo      : No LoadTimeWeaver setup: ignoring JPA class transformer
2025-09-04T15:33:23.239Z  INFO 1 --- [user-service] [main] com.zaxxer.hikari.HikariDataSource       : HikariPool-1 - Starting...
2025-09-04T15:33:23.510Z  INFO 1 --- [user-service] [main] com.zaxxer.hikari.pool.HikariPool        : HikariPool-1 - Added connection com.mysql.cj.jdbc.ConnectionImpl@50b4364
2025-09-04T15:33:23.516Z  INFO 1 --- [user-service] [main] com.zaxxer.hikari.HikariDataSource       : HikariPool-1 - Start completed.
2025-09-04T15:33:23.619Z  WARN 1 --- [user-service] [main] org.hibernate.orm.deprecation            : HHH90000025: MySQLDialect does not need to be specified explicitly using 'hibernate.dialect' (remove the property setting and it will be selected by default)
2025-09-04T15:33:23.676Z  INFO 1 --- [user-service] [main] org.hibernate.orm.connections.pooling    : HHH10001005: Database info:
	Database JDBC URL [Connecting through datasource 'HikariDataSource (HikariPool-1)']
	Database driver: undefined/unknown
	Database version: 8.0.43
	Autocommit mode: undefined/unknown
	Isolation level: undefined/unknown
	Minimum pool size: undefined/unknown
	Maximum pool size: undefined/unknown
2025-09-04T15:33:25.354Z  INFO 1 --- [user-service] [main] o.h.e.t.j.p.i.JtaPlatformInitiator       : HHH000489: No JTA platform available (set 'hibernate.transaction.jta.platform' to enable JTA platform integration)
2025-09-04T15:33:25.531Z  INFO 1 --- [user-service] [main] j.LocalContainerEntityManagerFactoryBean : Initialized JPA EntityManagerFactory for persistence unit 'default'
2025-09-04T15:33:26.328Z  WARN 1 --- [user-service] [main] ConfigServletWebServerApplicationContext : Exception encountered during context initialization - cancelling refresh attempt: org.springframework.beans.factory.BeanCreationException: Error creating bean with name 'userCreatedConsumer' defined in URL [jar:nested:/app.jar/!BOOT-INF/classes/!/com/womensafety/userservice/kafka/UserCreatedConsumer.class]: No Kafka listener methods in bean: com.womensafety.userservice.kafka.UserCreatedConsumer@3ca5da54
2025-09-04T15:33:26.330Z  INFO 1 --- [user-service] [main] j.LocalContainerEntityManagerFactoryBean : Closing JPA EntityManagerFactory for persistence unit 'default'
2025-09-04T15:33:26.340Z  INFO 1 --- [user-service] [main] com.zaxxer.hikari.HikariDataSource       : HikariPool-1 - Shutdown initiated...
2025-09-04T15:33:26.360Z  INFO 1 --- [user-service] [main] com.zaxxer.hikari.HikariDataSource       : HikariPool-1 - Shutdown completed.
2025-09-04T15:33:26.367Z  INFO 1 --- [user-service] [main] o.apache.catalina.core.StandardService   : Stopping service [Tomcat]
2025-09-04T15:33:26.397Z  INFO 1 --- [user-service] [main] .s.b.a.l.ConditionEvaluationReportLogger : 

Error starting ApplicationContext. To display the condition evaluation report re-run your application with 'debug' enabled.
2025-09-04T15:33:26.447Z ERROR 1 --- [user-service] [main] o.s.boot.SpringApplication               : Application run failed

org.springframework.beans.factory.BeanCreationException: Error creating bean with name 'userCreatedConsumer' defined in URL [jar:nested:/app.jar/!BOOT-INF/classes/!/com/womensafety/userservice/kafka/UserCreatedConsumer.class]: No Kafka listener methods in bean: com.womensafety.userservice.kafka.UserCreatedConsumer@3ca5da54
	at org.springframework.beans.factory.support.AbstractAutowireCapableBeanFactory.doCreateBean(AbstractAutowireCapableBeanFactory.java:614) ~[spring-beans-6.2.10.jar!/:6.2.10]
	at org.springframework.beans.factory.support.AbstractAutowireCapableBeanFactory.createBean(AbstractAutowireCapableBeanFactory.java:529) ~[spring-beans-6.2.10.jar!/:6.2.10]
	at org.springframework.beans.factory.support.AbstractBeanFactory.lambda$doGetBean$0(AbstractBeanFactory.java:339) ~[spring-beans-6.2.10.jar!/:6.2.10]
	at org.springframework.beans.factory.support.DefaultSingletonBeanRegistry.getSingleton(DefaultSingletonBeanRegistry.java:373) ~[spring-beans-6.2.10.jar!/:6.2.10]
	at org.springframework.beans.factory.support.AbstractBeanFactory.doGetBean(AbstractBeanFactory.java:337) ~[spring-beans-6.2.10.jar!/:6.2.10]
	at org.springframework.beans.factory.support.AbstractBeanFactory.getBean(AbstractBeanFactory.java:202) ~[spring-beans-6.2.10.jar!/:6.2.10]
	at org.springframework.beans.factory.support.DefaultListableBeanFactory.instantiateSingleton(DefaultListableBeanFactory.java:1222) ~[spring-beans-6.2.10.jar!/:6.2.10]
	at org.springframework.beans.factory.support.DefaultListableBeanFactory.preInstantiateSingleton(DefaultListableBeanFactory.java:1188) ~[spring-beans-6.2.10.jar!/:6.2.10]
	at org.springframework.beans.factory.support.DefaultListableBeanFactory.preInstantiateSingletons(DefaultListableBeanFactory.java:1123) ~[spring-beans-6.2.10.jar!/:6.2.10]
	at org.springframework.context.support.AbstractApplicationContext.finishBeanFactoryInitialization(AbstractApplicationContext.java:987) ~[spring-context-6.2.10.jar!/:6.2.10]
	at org.springframework.context.support.AbstractApplicationContext.refresh(AbstractApplicationContext.java:627) ~[spring-context-6.2.10.jar!/:6.2.10]
	at org.springframework.boot.web.servlet.context.ServletWebServerApplicationContext.refresh(ServletWebServerApplicationContext.java:146) ~[spring-boot-3.5.5.jar!/:3.5.5]
	at org.springframework.boot.SpringApplication.refresh(SpringApplication.java:752) ~[spring-boot-3.5.5.jar!/:3.5.5]
	at org.springframework.boot.SpringApplication.refreshContext(SpringApplication.java:439) ~[spring-boot-3.5.5.jar!/:3.5.5]
	at org.springframework.boot.SpringApplication.run(SpringApplication.java:318) ~[spring-boot-3.5.5.jar!/:3.5.5]
	at org.springframework.boot.SpringApplication.run(SpringApplication.java:1361) ~[spring-boot-3.5.5.jar!/:3.5.5]
	at org.springframework.boot.SpringApplication.run(SpringApplication.java:1350) ~[spring-boot-3.5.5.jar!/:3.5.5]
	at com.womensafety.userservice.UserServiceApplication.main(UserServiceApplication.java:15) ~[!/:0.0.1-SNAPSHOT]
	at java.base/jdk.internal.reflect.NativeMethodAccessorImpl.invoke0(Native Method) ~[na:na]
	at java.base/jdk.internal.reflect.NativeMethodAccessorImpl.invoke(NativeMethodAccessorImpl.java:77) ~[na:na]
	at java.base/jdk.internal.reflect.DelegatingMethodAccessorImpl.invoke(DelegatingMethodAccessorImpl.java:43) ~[na:na]
	at java.base/java.lang.reflect.Method.invoke(Method.java:568) ~[na:na]
	at org.springframework.boot.loader.launch.Launcher.launch(Launcher.java:102) ~[app.jar:0.0.1-SNAPSHOT]
	at org.springframework.boot.loader.launch.Launcher.launch(Launcher.java:64) ~[app.jar:0.0.1-SNAPSHOT]
	at org.springframework.boot.loader.launch.JarLauncher.main(JarLauncher.java:40) ~[app.jar:0.0.1-SNAPSHOT]
Caused by: java.lang.IllegalStateException: No Kafka listener methods in bean: com.womensafety.userservice.kafka.UserCreatedConsumer@3ca5da54
	at org.springframework.kafka.annotation.KafkaListenerAnnotationBeanPostProcessor.postProcessAfterInitialization(KafkaListenerAnnotationBeanPostProcessor.java:419) ~[spring-kafka-3.3.9.jar!/:3.3.9]
	at org.springframework.beans.factory.support.AbstractAutowireCapableBeanFactory.applyBeanPostProcessorsAfterInitialization(AbstractAutowireCapableBeanFactory.java:445) ~[spring-beans-6.2.10.jar!/:6.2.10]
	at org.springframework.beans.factory.support.AbstractAutowireCapableBeanFactory.initializeBean(AbstractAutowireCapableBeanFactory.java:1829) ~[spring-beans-6.2.10.jar!/:6.2.10]
	at org.springframework.beans.factory.support.AbstractAutowireCapableBeanFactory.doCreateBean(AbstractAutowireCapableBeanFactory.java:607) ~[spring-beans-6.2.10.jar!/:6.2.10]
	... 24 common frames omitted

2025-09-04T15:37:43.888Z  INFO 1 --- [user-service] [main] c.w.userservice.UserServiceApplication   : Starting UserServiceApplication v0.0.1-SNAPSHOT using Java 17.0.2 with PID 1 (/app.jar started by root in /)
2025-09-04T15:37:43.895Z  INFO 1 --- [user-service] [main] c.w.userservice.UserServiceApplication   : The following 1 profile is active: "docker"
2025-09-04T15:37:45.795Z  INFO 1 --- [user-service] [main] .s.d.r.c.RepositoryConfigurationDelegate : Bootstrapping Spring Data JPA repositories in DEFAULT mode.
2025-09-04T15:37:45.916Z  INFO 1 --- [user-service] [main] .s.d.r.c.RepositoryConfigurationDelegate : Finished Spring Data repository scanning in 103 ms. Found 2 JPA repository interfaces.
2025-09-04T15:37:47.235Z  INFO 1 --- [user-service] [main] o.s.b.w.embedded.tomcat.TomcatWebServer  : Tomcat initialized with port 8082 (http)
2025-09-04T15:37:47.262Z  INFO 1 --- [user-service] [main] o.apache.catalina.core.StandardService   : Starting service [Tomcat]
2025-09-04T15:37:47.263Z  INFO 1 --- [user-service] [main] o.apache.catalina.core.StandardEngine    : Starting Servlet engine: [Apache Tomcat/10.1.44]
2025-09-04T15:37:47.322Z  INFO 1 --- [user-service] [main] o.a.c.c.C.[Tomcat].[localhost].[/]       : Initializing Spring embedded WebApplicationContext
2025-09-04T15:37:47.323Z  INFO 1 --- [user-service] [main] w.s.c.ServletWebServerApplicationContext : Root WebApplicationContext: initialization completed in 3311 ms
2025-09-04T15:37:47.742Z  INFO 1 --- [user-service] [main] o.hibernate.jpa.internal.util.LogHelper  : HHH000204: Processing PersistenceUnitInfo [name: default]
2025-09-04T15:37:47.842Z  INFO 1 --- [user-service] [main] org.hibernate.Version                    : HHH000412: Hibernate ORM core version 6.6.26.Final
2025-09-04T15:37:47.937Z  INFO 1 --- [user-service] [main] o.h.c.internal.RegionFactoryInitiator    : HHH000026: Second-level cache disabled
2025-09-04T15:37:48.577Z  INFO 1 --- [user-service] [main] o.s.o.j.p.SpringPersistenceUnitInfo      : No LoadTimeWeaver setup: ignoring JPA class transformer
2025-09-04T15:37:48.634Z  INFO 1 --- [user-service] [main] com.zaxxer.hikari.HikariDataSource       : HikariPool-1 - Starting...
2025-09-04T15:37:48.946Z  INFO 1 --- [user-service] [main] com.zaxxer.hikari.pool.HikariPool        : HikariPool-1 - Added connection com.mysql.cj.jdbc.ConnectionImpl@271e851e
2025-09-04T15:37:48.953Z  INFO 1 --- [user-service] [main] com.zaxxer.hikari.HikariDataSource       : HikariPool-1 - Start completed.
2025-09-04T15:37:49.056Z  WARN 1 --- [user-service] [main] org.hibernate.orm.deprecation            : HHH90000025: MySQLDialect does not need to be specified explicitly using 'hibernate.dialect' (remove the property setting and it will be selected by default)
2025-09-04T15:37:49.103Z  INFO 1 --- [user-service] [main] org.hibernate.orm.connections.pooling    : HHH10001005: Database info:
	Database JDBC URL [Connecting through datasource 'HikariDataSource (HikariPool-1)']
	Database driver: undefined/unknown
	Database version: 8.0.43
	Autocommit mode: undefined/unknown
	Isolation level: undefined/unknown
	Minimum pool size: undefined/unknown
	Maximum pool size: undefined/unknown
2025-09-04T15:37:50.622Z  INFO 1 --- [user-service] [main] o.h.e.t.j.p.i.JtaPlatformInitiator       : HHH000489: No JTA platform available (set 'hibernate.transaction.jta.platform' to enable JTA platform integration)
2025-09-04T15:37:50.775Z  INFO 1 --- [user-service] [main] j.LocalContainerEntityManagerFactoryBean : Initialized JPA EntityManagerFactory for persistence unit 'default'
2025-09-04T15:37:51.480Z  WARN 1 --- [user-service] [main] ConfigServletWebServerApplicationContext : Exception encountered during context initialization - cancelling refresh attempt: org.springframework.beans.factory.BeanCreationException: Error creating bean with name 'userCreatedConsumer' defined in URL [jar:nested:/app.jar/!BOOT-INF/classes/!/com/womensafety/userservice/kafka/UserCreatedConsumer.class]: No Kafka listener methods in bean: com.womensafety.userservice.kafka.UserCreatedConsumer@38ae69f7
2025-09-04T15:37:51.482Z  INFO 1 --- [user-service] [main] j.LocalContainerEntityManagerFactoryBean : Closing JPA EntityManagerFactory for persistence unit 'default'
2025-09-04T15:37:51.490Z  INFO 1 --- [user-service] [main] com.zaxxer.hikari.HikariDataSource       : HikariPool-1 - Shutdown initiated...
2025-09-04T15:37:51.508Z  INFO 1 --- [user-service] [main] com.zaxxer.hikari.HikariDataSource       : HikariPool-1 - Shutdown completed.
2025-09-04T15:37:51.515Z  INFO 1 --- [user-service] [main] o.apache.catalina.core.StandardService   : Stopping service [Tomcat]
2025-09-04T15:37:51.545Z  INFO 1 --- [user-service] [main] .s.b.a.l.ConditionEvaluationReportLogger : 

Error starting ApplicationContext. To display the condition evaluation report re-run your application with 'debug' enabled.
2025-09-04T15:37:51.597Z ERROR 1 --- [user-service] [main] o.s.boot.SpringApplication               : Application run failed

org.springframework.beans.factory.BeanCreationException: Error creating bean with name 'userCreatedConsumer' defined in URL [jar:nested:/app.jar/!BOOT-INF/classes/!/com/womensafety/userservice/kafka/UserCreatedConsumer.class]: No Kafka listener methods in bean: com.womensafety.userservice.kafka.UserCreatedConsumer@38ae69f7
	at org.springframework.beans.factory.support.AbstractAutowireCapableBeanFactory.doCreateBean(AbstractAutowireCapableBeanFactory.java:614) ~[spring-beans-6.2.10.jar!/:6.2.10]
	at org.springframework.beans.factory.support.AbstractAutowireCapableBeanFactory.createBean(AbstractAutowireCapableBeanFactory.java:529) ~[spring-beans-6.2.10.jar!/:6.2.10]
	at org.springframework.beans.factory.support.AbstractBeanFactory.lambda$doGetBean$0(AbstractBeanFactory.java:339) ~[spring-beans-6.2.10.jar!/:6.2.10]
	at org.springframework.beans.factory.support.DefaultSingletonBeanRegistry.getSingleton(DefaultSingletonBeanRegistry.java:373) ~[spring-beans-6.2.10.jar!/:6.2.10]
	at org.springframework.beans.factory.support.AbstractBeanFactory.doGetBean(AbstractBeanFactory.java:337) ~[spring-beans-6.2.10.jar!/:6.2.10]
	at org.springframework.beans.factory.support.AbstractBeanFactory.getBean(AbstractBeanFactory.java:202) ~[spring-beans-6.2.10.jar!/:6.2.10]
	at org.springframework.beans.factory.support.DefaultListableBeanFactory.instantiateSingleton(DefaultListableBeanFactory.java:1222) ~[spring-beans-6.2.10.jar!/:6.2.10]
	at org.springframework.beans.factory.support.DefaultListableBeanFactory.preInstantiateSingleton(DefaultListableBeanFactory.java:1188) ~[spring-beans-6.2.10.jar!/:6.2.10]
	at org.springframework.beans.factory.support.DefaultListableBeanFactory.preInstantiateSingletons(DefaultListableBeanFactory.java:1123) ~[spring-beans-6.2.10.jar!/:6.2.10]
	at org.springframework.context.support.AbstractApplicationContext.finishBeanFactoryInitialization(AbstractApplicationContext.java:987) ~[spring-context-6.2.10.jar!/:6.2.10]
	at org.springframework.context.support.AbstractApplicationContext.refresh(AbstractApplicationContext.java:627) ~[spring-context-6.2.10.jar!/:6.2.10]
	at org.springframework.boot.web.servlet.context.ServletWebServerApplicationContext.refresh(ServletWebServerApplicationContext.java:146) ~[spring-boot-3.5.5.jar!/:3.5.5]
	at org.springframework.boot.SpringApplication.refresh(SpringApplication.java:752) ~[spring-boot-3.5.5.jar!/:3.5.5]
	at org.springframework.boot.SpringApplication.refreshContext(SpringApplication.java:439) ~[spring-boot-3.5.5.jar!/:3.5.5]
	at org.springframework.boot.SpringApplication.run(SpringApplication.java:318) ~[spring-boot-3.5.5.jar!/:3.5.5]
	at org.springframework.boot.SpringApplication.run(SpringApplication.java:1361) ~[spring-boot-3.5.5.jar!/:3.5.5]
	at org.springframework.boot.SpringApplication.run(SpringApplication.java:1350) ~[spring-boot-3.5.5.jar!/:3.5.5]
	at com.womensafety.userservice.UserServiceApplication.main(UserServiceApplication.java:15) ~[!/:0.0.1-SNAPSHOT]
	at java.base/jdk.internal.reflect.NativeMethodAccessorImpl.invoke0(Native Method) ~[na:na]
	at java.base/jdk.internal.reflect.NativeMethodAccessorImpl.invoke(NativeMethodAccessorImpl.java:77) ~[na:na]
	at java.base/jdk.internal.reflect.DelegatingMethodAccessorImpl.invoke(DelegatingMethodAccessorImpl.java:43) ~[na:na]
	at java.base/java.lang.reflect.Method.invoke(Method.java:568) ~[na:na]
	at org.springframework.boot.loader.launch.Launcher.launch(Launcher.java:102) ~[app.jar:0.0.1-SNAPSHOT]
	at org.springframework.boot.loader.launch.Launcher.launch(Launcher.java:64) ~[app.jar:0.0.1-SNAPSHOT]
	at org.springframework.boot.loader.launch.JarLauncher.main(JarLauncher.java:40) ~[app.jar:0.0.1-SNAPSHOT]
Caused by: java.lang.IllegalStateException: No Kafka listener methods in bean: com.womensafety.userservice.kafka.UserCreatedConsumer@38ae69f7
	at org.springframework.kafka.annotation.KafkaListenerAnnotationBeanPostProcessor.postProcessAfterInitialization(KafkaListenerAnnotationBeanPostProcessor.java:419) ~[spring-kafka-3.3.9.jar!/:3.3.9]
	at org.springframework.beans.factory.support.AbstractAutowireCapableBeanFactory.applyBeanPostProcessorsAfterInitialization(AbstractAutowireCapableBeanFactory.java:445) ~[spring-beans-6.2.10.jar!/:6.2.10]
	at org.springframework.beans.factory.support.AbstractAutowireCapableBeanFactory.initializeBean(AbstractAutowireCapableBeanFactory.java:1829) ~[spring-beans-6.2.10.jar!/:6.2.10]
	at org.springframework.beans.factory.support.AbstractAutowireCapableBeanFactory.doCreateBean(AbstractAutowireCapableBeanFactory.java:607) ~[spring-beans-6.2.10.jar!/:6.2.10]
	... 24 common frames omitted

2025-09-04T15:41:31.369Z  INFO 1 --- [user-service] [main] c.w.userservice.UserServiceApplication   : Starting UserServiceApplication v0.0.1-SNAPSHOT using Java 17.0.2 with PID 1 (/app.jar started by root in /)
2025-09-04T15:41:31.380Z  INFO 1 --- [user-service] [main] c.w.userservice.UserServiceApplication   : The following 1 profile is active: "docker"
2025-09-04T15:41:33.480Z  INFO 1 --- [user-service] [main] .s.d.r.c.RepositoryConfigurationDelegate : Bootstrapping Spring Data JPA repositories in DEFAULT mode.
2025-09-04T15:41:33.593Z  INFO 1 --- [user-service] [main] .s.d.r.c.RepositoryConfigurationDelegate : Finished Spring Data repository scanning in 90 ms. Found 2 JPA repository interfaces.
2025-09-04T15:41:34.959Z  INFO 1 --- [user-service] [main] o.s.b.w.embedded.tomcat.TomcatWebServer  : Tomcat initialized with port 8082 (http)
2025-09-04T15:41:35.000Z  INFO 1 --- [user-service] [main] o.apache.catalina.core.StandardService   : Starting service [Tomcat]
2025-09-04T15:41:35.003Z  INFO 1 --- [user-service] [main] o.apache.catalina.core.StandardEngine    : Starting Servlet engine: [Apache Tomcat/10.1.44]
2025-09-04T15:41:35.099Z  INFO 1 --- [user-service] [main] o.a.c.c.C.[Tomcat].[localhost].[/]       : Initializing Spring embedded WebApplicationContext
2025-09-04T15:41:35.100Z  INFO 1 --- [user-service] [main] w.s.c.ServletWebServerApplicationContext : Root WebApplicationContext: initialization completed in 3607 ms
2025-09-04T15:41:35.607Z  INFO 1 --- [user-service] [main] o.hibernate.jpa.internal.util.LogHelper  : HHH000204: Processing PersistenceUnitInfo [name: default]
2025-09-04T15:41:35.781Z  INFO 1 --- [user-service] [main] org.hibernate.Version                    : HHH000412: Hibernate ORM core version 6.6.26.Final
2025-09-04T15:41:35.898Z  INFO 1 --- [user-service] [main] o.h.c.internal.RegionFactoryInitiator    : HHH000026: Second-level cache disabled
2025-09-04T15:41:36.571Z  INFO 1 --- [user-service] [main] o.s.o.j.p.SpringPersistenceUnitInfo      : No LoadTimeWeaver setup: ignoring JPA class transformer
2025-09-04T15:41:36.631Z  INFO 1 --- [user-service] [main] com.zaxxer.hikari.HikariDataSource       : HikariPool-1 - Starting...
2025-09-04T15:41:36.936Z  INFO 1 --- [user-service] [main] com.zaxxer.hikari.pool.HikariPool        : HikariPool-1 - Added connection com.mysql.cj.jdbc.ConnectionImpl@1de85972
2025-09-04T15:41:36.941Z  INFO 1 --- [user-service] [main] com.zaxxer.hikari.HikariDataSource       : HikariPool-1 - Start completed.
2025-09-04T15:41:37.046Z  WARN 1 --- [user-service] [main] org.hibernate.orm.deprecation            : HHH90000025: MySQLDialect does not need to be specified explicitly using 'hibernate.dialect' (remove the property setting and it will be selected by default)
2025-09-04T15:41:37.089Z  INFO 1 --- [user-service] [main] org.hibernate.orm.connections.pooling    : HHH10001005: Database info:
	Database JDBC URL [Connecting through datasource 'HikariDataSource (HikariPool-1)']
	Database driver: undefined/unknown
	Database version: 8.0.43
	Autocommit mode: undefined/unknown
	Isolation level: undefined/unknown
	Minimum pool size: undefined/unknown
	Maximum pool size: undefined/unknown
2025-09-04T15:41:38.578Z  INFO 1 --- [user-service] [main] o.h.e.t.j.p.i.JtaPlatformInitiator       : HHH000489: No JTA platform available (set 'hibernate.transaction.jta.platform' to enable JTA platform integration)
2025-09-04T15:41:38.730Z  INFO 1 --- [user-service] [main] j.LocalContainerEntityManagerFactoryBean : Initialized JPA EntityManagerFactory for persistence unit 'default'
2025-09-04T15:41:39.615Z  WARN 1 --- [user-service] [main] JpaBaseConfiguration$JpaWebConfiguration : spring.jpa.open-in-view is enabled by default. Therefore, database queries may be performed during view rendering. Explicitly configure spring.jpa.open-in-view to disable this warning
2025-09-04T15:41:39.716Z  WARN 1 --- [user-service] [main] .s.s.UserDetailsServiceAutoConfiguration : 

Using generated security password: 5ed132fc-f421-4bfe-ad42-16f7aea52bd3

This generated password is for development use only. Your security configuration must be updated before running your application in production.

2025-09-04T15:41:39.743Z  INFO 1 --- [user-service] [main] r$InitializeUserDetailsManagerConfigurer : Global AuthenticationManager configured with UserDetailsService bean with name inMemoryUserDetailsManager
2025-09-04T15:41:40.991Z  INFO 1 --- [user-service] [main] o.s.b.w.embedded.tomcat.TomcatWebServer  : Tomcat started on port 8082 (http) with context path '/'
2025-09-04T15:41:41.064Z  INFO 1 --- [user-service] [main] o.s.b.w.e.tomcat.GracefulShutdown        : Commencing graceful shutdown. Waiting for active requests to complete
2025-09-04T15:41:41.074Z  INFO 1 --- [user-service] [tomcat-shutdown] o.s.b.w.e.tomcat.GracefulShutdown        : Graceful shutdown complete
2025-09-04T15:41:41.083Z  WARN 1 --- [user-service] [main] ConfigServletWebServerApplicationContext : Exception encountered during context initialization - cancelling refresh attempt: org.springframework.context.ApplicationContextException: Failed to start bean 'org.springframework.kafka.config.internalKafkaListenerEndpointRegistry'
2025-09-04T15:41:41.091Z  INFO 1 --- [user-service] [main] j.LocalContainerEntityManagerFactoryBean : Closing JPA EntityManagerFactory for persistence unit 'default'
2025-09-04T15:41:41.096Z  INFO 1 --- [user-service] [main] com.zaxxer.hikari.HikariDataSource       : HikariPool-1 - Shutdown initiated...
2025-09-04T15:41:41.112Z  INFO 1 --- [user-service] [main] com.zaxxer.hikari.HikariDataSource       : HikariPool-1 - Shutdown completed.
2025-09-04T15:41:41.144Z  INFO 1 --- [user-service] [main] .s.b.a.l.ConditionEvaluationReportLogger : 

Error starting ApplicationContext. To display the condition evaluation report re-run your application with 'debug' enabled.
2025-09-04T15:41:41.185Z ERROR 1 --- [user-service] [main] o.s.boot.SpringApplication               : Application run failed

org.springframework.context.ApplicationContextException: Failed to start bean 'org.springframework.kafka.config.internalKafkaListenerEndpointRegistry'
	at org.springframework.context.support.DefaultLifecycleProcessor.doStart(DefaultLifecycleProcessor.java:408) ~[spring-context-6.2.10.jar!/:6.2.10]
	at org.springframework.context.support.DefaultLifecycleProcessor.doStart(DefaultLifecycleProcessor.java:394) ~[spring-context-6.2.10.jar!/:6.2.10]
	at org.springframework.context.support.DefaultLifecycleProcessor$LifecycleGroup.start(DefaultLifecycleProcessor.java:586) ~[spring-context-6.2.10.jar!/:6.2.10]
	at java.base/java.lang.Iterable.forEach(Iterable.java:75) ~[na:na]
	at org.springframework.context.support.DefaultLifecycleProcessor.startBeans(DefaultLifecycleProcessor.java:364) ~[spring-context-6.2.10.jar!/:6.2.10]
	at org.springframework.context.support.DefaultLifecycleProcessor.onRefresh(DefaultLifecycleProcessor.java:310) ~[spring-context-6.2.10.jar!/:6.2.10]
	at org.springframework.context.support.AbstractApplicationContext.finishRefresh(AbstractApplicationContext.java:1006) ~[spring-context-6.2.10.jar!/:6.2.10]
	at org.springframework.context.support.AbstractApplicationContext.refresh(AbstractApplicationContext.java:630) ~[spring-context-6.2.10.jar!/:6.2.10]
	at org.springframework.boot.web.servlet.context.ServletWebServerApplicationContext.refresh(ServletWebServerApplicationContext.java:146) ~[spring-boot-3.5.5.jar!/:3.5.5]
	at org.springframework.boot.SpringApplication.refresh(SpringApplication.java:752) ~[spring-boot-3.5.5.jar!/:3.5.5]
	at org.springframework.boot.SpringApplication.refreshContext(SpringApplication.java:439) ~[spring-boot-3.5.5.jar!/:3.5.5]
	at org.springframework.boot.SpringApplication.run(SpringApplication.java:318) ~[spring-boot-3.5.5.jar!/:3.5.5]
	at org.springframework.boot.SpringApplication.run(SpringApplication.java:1361) ~[spring-boot-3.5.5.jar!/:3.5.5]
	at org.springframework.boot.SpringApplication.run(SpringApplication.java:1350) ~[spring-boot-3.5.5.jar!/:3.5.5]
	at com.womensafety.userservice.UserServiceApplication.main(UserServiceApplication.java:15) ~[!/:0.0.1-SNAPSHOT]
	at java.base/jdk.internal.reflect.NativeMethodAccessorImpl.invoke0(Native Method) ~[na:na]
	at java.base/jdk.internal.reflect.NativeMethodAccessorImpl.invoke(NativeMethodAccessorImpl.java:77) ~[na:na]
	at java.base/jdk.internal.reflect.DelegatingMethodAccessorImpl.invoke(DelegatingMethodAccessorImpl.java:43) ~[na:na]
	at java.base/java.lang.reflect.Method.invoke(Method.java:568) ~[na:na]
	at org.springframework.boot.loader.launch.Launcher.launch(Launcher.java:102) ~[app.jar:0.0.1-SNAPSHOT]
	at org.springframework.boot.loader.launch.Launcher.launch(Launcher.java:64) ~[app.jar:0.0.1-SNAPSHOT]
	at org.springframework.boot.loader.launch.JarLauncher.main(JarLauncher.java:40) ~[app.jar:0.0.1-SNAPSHOT]
Caused by: java.lang.IllegalStateException: JsonDeserializer must be configured with property setters, or via configuration properties; not both
	at org.springframework.util.Assert.state(Assert.java:79) ~[spring-core-6.2.10.jar!/:6.2.10]
	at org.springframework.kafka.support.serializer.JsonDeserializer.configure(JsonDeserializer.java:411) ~[spring-kafka-3.3.9.jar!/:3.3.9]
	at org.springframework.kafka.core.DefaultKafkaConsumerFactory.valueDeserializer(DefaultKafkaConsumerFactory.java:488) ~[spring-kafka-3.3.9.jar!/:3.3.9]
	at org.springframework.kafka.core.DefaultKafkaConsumerFactory$ExtendedKafkaConsumer.<init>(DefaultKafkaConsumerFactory.java:498) ~[spring-kafka-3.3.9.jar!/:3.3.9]
	at org.springframework.kafka.core.DefaultKafkaConsumerFactory.createRawConsumer(DefaultKafkaConsumerFactory.java:453) ~[spring-kafka-3.3.9.jar!/:3.3.9]
	at org.springframework.kafka.core.DefaultKafkaConsumerFactory.createKafkaConsumer(DefaultKafkaConsumerFactory.java:430) ~[spring-kafka-3.3.9.jar!/:3.3.9]
	at org.springframework.kafka.core.DefaultKafkaConsumerFactory.createConsumerWithAdjustedProperties(DefaultKafkaConsumerFactory.java:407) ~[spring-kafka-3.3.9.jar!/:3.3.9]
	at org.springframework.kafka.core.DefaultKafkaConsumerFactory.createKafkaConsumer(DefaultKafkaConsumerFactory.java:374) ~[spring-kafka-3.3.9.jar!/:3.3.9]
	at org.springframework.kafka.core.DefaultKafkaConsumerFactory.createConsumer(DefaultKafkaConsumerFactory.java:335) ~[spring-kafka-3.3.9.jar!/:3.3.9]
	at org.springframework.kafka.listener.KafkaMessageListenerContainer$ListenerConsumer.<init>(KafkaMessageListenerContainer.java:877) ~[spring-kafka-3.3.9.jar!/:3.3.9]
	at org.springframework.kafka.listener.KafkaMessageListenerContainer.doStart(KafkaMessageListenerContainer.java:388) ~[spring-kafka-3.3.9.jar!/:3.3.9]
	at org.springframework.kafka.listener.AbstractMessageListenerContainer.start(AbstractMessageListenerContainer.java:520) ~[spring-kafka-3.3.9.jar!/:3.3.9]
	at org.springframework.kafka.listener.ConcurrentMessageListenerContainer.doStart(ConcurrentMessageListenerContainer.java:264) ~[spring-kafka-3.3.9.jar!/:3.3.9]
	at org.springframework.kafka.listener.AbstractMessageListenerContainer.start(AbstractMessageListenerContainer.java:520) ~[spring-kafka-3.3.9.jar!/:3.3.9]
	at org.springframework.kafka.config.KafkaListenerEndpointRegistry.startIfNecessary(KafkaListenerEndpointRegistry.java:436) ~[spring-kafka-3.3.9.jar!/:3.3.9]
	at org.springframework.kafka.config.KafkaListenerEndpointRegistry.start(KafkaListenerEndpointRegistry.java:382) ~[spring-kafka-3.3.9.jar!/:3.3.9]
	at org.springframework.context.support.DefaultLifecycleProcessor.doStart(DefaultLifecycleProcessor.java:405) ~[spring-context-6.2.10.jar!/:6.2.10]
	... 21 common frames omitted

2025-09-04T15:45:16.912Z  INFO 1 --- [user-service] [main] c.w.userservice.UserServiceApplication   : Starting UserServiceApplication v0.0.1-SNAPSHOT using Java 17.0.2 with PID 1 (/app.jar started by root in /)
2025-09-04T15:45:16.918Z  INFO 1 --- [user-service] [main] c.w.userservice.UserServiceApplication   : The following 1 profile is active: "docker"
2025-09-04T15:45:18.687Z  INFO 1 --- [user-service] [main] .s.d.r.c.RepositoryConfigurationDelegate : Bootstrapping Spring Data JPA repositories in DEFAULT mode.
2025-09-04T15:45:18.827Z  INFO 1 --- [user-service] [main] .s.d.r.c.RepositoryConfigurationDelegate : Finished Spring Data repository scanning in 112 ms. Found 2 JPA repository interfaces.
2025-09-04T15:45:20.170Z  INFO 1 --- [user-service] [main] o.s.b.w.embedded.tomcat.TomcatWebServer  : Tomcat initialized with port 8082 (http)
2025-09-04T15:45:20.199Z  INFO 1 --- [user-service] [main] o.apache.catalina.core.StandardService   : Starting service [Tomcat]
2025-09-04T15:45:20.202Z  INFO 1 --- [user-service] [main] o.apache.catalina.core.StandardEngine    : Starting Servlet engine: [Apache Tomcat/10.1.44]
2025-09-04T15:45:20.269Z  INFO 1 --- [user-service] [main] o.a.c.c.C.[Tomcat].[localhost].[/]       : Initializing Spring embedded WebApplicationContext
2025-09-04T15:45:20.271Z  INFO 1 --- [user-service] [main] w.s.c.ServletWebServerApplicationContext : Root WebApplicationContext: initialization completed in 3223 ms
2025-09-04T15:45:20.674Z  INFO 1 --- [user-service] [main] o.hibernate.jpa.internal.util.LogHelper  : HHH000204: Processing PersistenceUnitInfo [name: default]
2025-09-04T15:45:20.783Z  INFO 1 --- [user-service] [main] org.hibernate.Version                    : HHH000412: Hibernate ORM core version 6.6.26.Final
2025-09-04T15:45:20.874Z  INFO 1 --- [user-service] [main] o.h.c.internal.RegionFactoryInitiator    : HHH000026: Second-level cache disabled
2025-09-04T15:45:21.512Z  INFO 1 --- [user-service] [main] o.s.o.j.p.SpringPersistenceUnitInfo      : No LoadTimeWeaver setup: ignoring JPA class transformer
2025-09-04T15:45:21.578Z  INFO 1 --- [user-service] [main] com.zaxxer.hikari.HikariDataSource       : HikariPool-1 - Starting...
2025-09-04T15:45:21.903Z  INFO 1 --- [user-service] [main] com.zaxxer.hikari.pool.HikariPool        : HikariPool-1 - Added connection com.mysql.cj.jdbc.ConnectionImpl@6210666c
2025-09-04T15:45:21.909Z  INFO 1 --- [user-service] [main] com.zaxxer.hikari.HikariDataSource       : HikariPool-1 - Start completed.
2025-09-04T15:45:22.003Z  WARN 1 --- [user-service] [main] org.hibernate.orm.deprecation            : HHH90000025: MySQLDialect does not need to be specified explicitly using 'hibernate.dialect' (remove the property setting and it will be selected by default)
2025-09-04T15:45:22.047Z  INFO 1 --- [user-service] [main] org.hibernate.orm.connections.pooling    : HHH10001005: Database info:
	Database JDBC URL [Connecting through datasource 'HikariDataSource (HikariPool-1)']
	Database driver: undefined/unknown
	Database version: 8.0.43
	Autocommit mode: undefined/unknown
	Isolation level: undefined/unknown
	Minimum pool size: undefined/unknown
	Maximum pool size: undefined/unknown
2025-09-04T15:45:23.790Z  INFO 1 --- [user-service] [main] o.h.e.t.j.p.i.JtaPlatformInitiator       : HHH000489: No JTA platform available (set 'hibernate.transaction.jta.platform' to enable JTA platform integration)
2025-09-04T15:45:23.937Z  INFO 1 --- [user-service] [main] j.LocalContainerEntityManagerFactoryBean : Initialized JPA EntityManagerFactory for persistence unit 'default'
2025-09-04T15:45:24.839Z  WARN 1 --- [user-service] [main] JpaBaseConfiguration$JpaWebConfiguration : spring.jpa.open-in-view is enabled by default. Therefore, database queries may be performed during view rendering. Explicitly configure spring.jpa.open-in-view to disable this warning
2025-09-04T15:45:24.915Z  WARN 1 --- [user-service] [main] .s.s.UserDetailsServiceAutoConfiguration : 

Using generated security password: 99cd336e-0c57-4293-a513-d851e8b50945

This generated password is for development use only. Your security configuration must be updated before running your application in production.

2025-09-04T15:45:24.939Z  INFO 1 --- [user-service] [main] r$InitializeUserDetailsManagerConfigurer : Global AuthenticationManager configured with UserDetailsService bean with name inMemoryUserDetailsManager
2025-09-04T15:45:26.328Z  INFO 1 --- [user-service] [main] o.s.b.w.embedded.tomcat.TomcatWebServer  : Tomcat started on port 8082 (http) with context path '/'
2025-09-04T15:45:26.421Z  INFO 1 --- [user-service] [main] o.a.k.clients.consumer.ConsumerConfig    : ConsumerConfig values: 
	allow.auto.create.topics = true
	auto.commit.interval.ms = 5000
	auto.include.jmx.reporter = true
	auto.offset.reset = earliest
	bootstrap.servers = [redpanda:9092]
	check.crcs = true
	client.dns.lookup = use_all_dns_ips
	client.id = consumer-user-service-1
	client.rack = 
	connections.max.idle.ms = 540000
	default.api.timeout.ms = 60000
	enable.auto.commit = false
	enable.metrics.push = true
	exclude.internal.topics = true
	fetch.max.bytes = 52428800
	fetch.max.wait.ms = 500
	fetch.min.bytes = 1
	group.id = user-service
	group.instance.id = null
	group.protocol = classic
	group.remote.assignor = null
	heartbeat.interval.ms = 3000
	interceptor.classes = []
	internal.leave.group.on.close = true
	internal.throw.on.fetch.stable.offset.unsupported = false
	isolation.level = read_uncommitted
	key.deserializer = class org.apache.kafka.common.serialization.StringDeserializer
	max.partition.fetch.bytes = 1048576
	max.poll.interval.ms = 300000
	max.poll.records = 500
	metadata.max.age.ms = 300000
	metadata.recovery.strategy = none
	metric.reporters = []
	metrics.num.samples = 2
	metrics.recording.level = INFO
	metrics.sample.window.ms = 30000
	partition.assignment.strategy = [class org.apache.kafka.clients.consumer.RangeAssignor, class org.apache.kafka.clients.consumer.CooperativeStickyAssignor]
	receive.buffer.bytes = 65536
	reconnect.backoff.max.ms = 1000
	reconnect.backoff.ms = 50
	request.timeout.ms = 30000
	retry.backoff.max.ms = 1000
	retry.backoff.ms = 100
	sasl.client.callback.handler.class = null
	sasl.jaas.config = null
	sasl.kerberos.kinit.cmd = /usr/bin/kinit
	sasl.kerberos.min.time.before.relogin = 60000
	sasl.kerberos.service.name = null
	sasl.kerberos.ticket.renew.jitter = 0.05
	sasl.kerberos.ticket.renew.window.factor = 0.8
	sasl.login.callback.handler.class = null
	sasl.login.class = null
	sasl.login.connect.timeout.ms = null
	sasl.login.read.timeout.ms = null
	sasl.login.refresh.buffer.seconds = 300
	sasl.login.refresh.min.period.seconds = 60
	sasl.login.refresh.window.factor = 0.8
	sasl.login.refresh.window.jitter = 0.05
	sasl.login.retry.backoff.max.ms = 10000
	sasl.login.retry.backoff.ms = 100
	sasl.mechanism = GSSAPI
	sasl.oauthbearer.clock.skew.seconds = 30
	sasl.oauthbearer.expected.audience = null
	sasl.oauthbearer.expected.issuer = null
	sasl.oauthbearer.header.urlencode = false
	sasl.oauthbearer.jwks.endpoint.refresh.ms = 3600000
	sasl.oauthbearer.jwks.endpoint.retry.backoff.max.ms = 10000
	sasl.oauthbearer.jwks.endpoint.retry.backoff.ms = 100
	sasl.oauthbearer.jwks.endpoint.url = null
	sasl.oauthbearer.scope.claim.name = scope
	sasl.oauthbearer.sub.claim.name = sub
	sasl.oauthbearer.token.endpoint.url = null
	security.protocol = PLAINTEXT
	security.providers = null
	send.buffer.bytes = 131072
	session.timeout.ms = 45000
	socket.connection.setup.timeout.max.ms = 30000
	socket.connection.setup.timeout.ms = 10000
	ssl.cipher.suites = null
	ssl.enabled.protocols = [TLSv1.2, TLSv1.3]
	ssl.endpoint.identification.algorithm = https
	ssl.engine.factory.class = null
	ssl.key.password = null
	ssl.keymanager.algorithm = SunX509
	ssl.keystore.certificate.chain = null
	ssl.keystore.key = null
	ssl.keystore.location = null
	ssl.keystore.password = null
	ssl.keystore.type = JKS
	ssl.protocol = TLSv1.3
	ssl.provider = null
	ssl.secure.random.implementation = null
	ssl.trustmanager.algorithm = PKIX
	ssl.truststore.certificates = null
	ssl.truststore.location = null
	ssl.truststore.password = null
	ssl.truststore.type = JKS
	value.deserializer = class org.springframework.kafka.support.serializer.JsonDeserializer

2025-09-04T15:45:26.525Z  INFO 1 --- [user-service] [main] o.a.k.c.t.i.KafkaMetricsCollector        : initializing Kafka metrics collector
2025-09-04T15:45:26.813Z  INFO 1 --- [user-service] [main] o.a.kafka.common.utils.AppInfoParser     : Kafka version: 3.9.1
2025-09-04T15:45:26.814Z  INFO 1 --- [user-service] [main] o.a.kafka.common.utils.AppInfoParser     : Kafka commitId: f745dfdcee2b9851
2025-09-04T15:45:26.815Z  INFO 1 --- [user-service] [main] o.a.kafka.common.utils.AppInfoParser     : Kafka startTimeMs: 1757000726811
2025-09-04T15:45:26.826Z  INFO 1 --- [user-service] [main] o.a.k.c.c.i.ClassicKafkaConsumer         : [Consumer clientId=consumer-user-service-1, groupId=user-service] Subscribed to topic(s): user.identity
2025-09-04T15:45:26.865Z  INFO 1 --- [user-service] [main] c.w.userservice.UserServiceApplication   : Started UserServiceApplication in 11.245 seconds (process running for 12.532)
2025-09-04T15:45:27.514Z  INFO 1 --- [user-service] [org.springframework.kafka.KafkaListenerEndpointContainer#0-0-C-1] org.apache.kafka.clients.Metadata        : [Consumer clientId=consumer-user-service-1, groupId=user-service] Cluster ID: redpanda.ad248c60-37ec-4966-afb3-745160d96ba1
2025-09-04T15:45:27.524Z  INFO 1 --- [user-service] [org.springframework.kafka.KafkaListenerEndpointContainer#0-0-C-1] o.a.k.c.c.internals.ConsumerCoordinator  : [Consumer clientId=consumer-user-service-1, groupId=user-service] Discovered group coordinator redpanda:9092 (id: 2147483647 rack: null)
2025-09-04T15:45:27.531Z  INFO 1 --- [user-service] [org.springframework.kafka.KafkaListenerEndpointContainer#0-0-C-1] o.a.k.c.c.internals.ConsumerCoordinator  : [Consumer clientId=consumer-user-service-1, groupId=user-service] (Re-)joining group
2025-09-04T15:45:27.567Z  INFO 1 --- [user-service] [org.springframework.kafka.KafkaListenerEndpointContainer#0-0-C-1] o.a.k.c.c.internals.ConsumerCoordinator  : [Consumer clientId=consumer-user-service-1, groupId=user-service] Request joining group due to: need to re-join with the given member-id: consumer-user-service-1-e8e50e8a-3b89-4750-a568-cb66bcd7a8ac
2025-09-04T15:45:27.569Z  INFO 1 --- [user-service] [org.springframework.kafka.KafkaListenerEndpointContainer#0-0-C-1] o.a.k.c.c.internals.ConsumerCoordinator  : [Consumer clientId=consumer-user-service-1, groupId=user-service] (Re-)joining group
2025-09-04T15:45:27.574Z  INFO 1 --- [user-service] [org.springframework.kafka.KafkaListenerEndpointContainer#0-0-C-1] o.a.k.c.c.internals.ConsumerCoordinator  : [Consumer clientId=consumer-user-service-1, groupId=user-service] Successfully joined group with generation Generation{generationId=5, memberId='consumer-user-service-1-e8e50e8a-3b89-4750-a568-cb66bcd7a8ac', protocol='range'}
2025-09-04T15:45:27.591Z  INFO 1 --- [user-service] [org.springframework.kafka.KafkaListenerEndpointContainer#0-0-C-1] o.a.k.c.c.internals.ConsumerCoordinator  : [Consumer clientId=consumer-user-service-1, groupId=user-service] Finished assignment for group at generation 5: {consumer-user-service-1-e8e50e8a-3b89-4750-a568-cb66bcd7a8ac=Assignment(partitions=[user.identity-0])}
2025-09-04T15:45:27.615Z  INFO 1 --- [user-service] [org.springframework.kafka.KafkaListenerEndpointContainer#0-0-C-1] o.a.k.c.c.internals.ConsumerCoordinator  : [Consumer clientId=consumer-user-service-1, groupId=user-service] Successfully synced group in generation Generation{generationId=5, memberId='consumer-user-service-1-e8e50e8a-3b89-4750-a568-cb66bcd7a8ac', protocol='range'}
2025-09-04T15:45:27.617Z  INFO 1 --- [user-service] [org.springframework.kafka.KafkaListenerEndpointContainer#0-0-C-1] o.a.k.c.c.internals.ConsumerCoordinator  : [Consumer clientId=consumer-user-service-1, groupId=user-service] Notifying assignor about the new Assignment(partitions=[user.identity-0])
2025-09-04T15:45:27.624Z  INFO 1 --- [user-service] [org.springframework.kafka.KafkaListenerEndpointContainer#0-0-C-1] k.c.c.i.ConsumerRebalanceListenerInvoker : [Consumer clientId=consumer-user-service-1, groupId=user-service] Adding newly assigned partitions: user.identity-0
2025-09-04T15:45:27.643Z  INFO 1 --- [user-service] [org.springframework.kafka.KafkaListenerEndpointContainer#0-0-C-1] o.a.k.c.c.internals.ConsumerUtils        : Setting offset for partition user.identity-0 to the committed offset FetchPosition{offset=3, offsetEpoch=Optional.empty, currentLeader=LeaderAndEpoch{leader=Optional[redpanda:9092 (id: 0 rack: null)], epoch=absent}}
2025-09-04T15:45:27.648Z  INFO 1 --- [user-service] [org.springframework.kafka.KafkaListenerEndpointContainer#0-0-C-1] o.s.k.l.KafkaMessageListenerContainer    : user-service: partitions assigned: [user.identity-0]
2025-09-04T15:46:53.714Z  INFO 1 --- [user-service] [org.springframework.kafka.KafkaListenerEndpointContainer#0-0-C-1] c.w.u.kafka.UserCreatedConsumer          : Received user.created event for userId: 4
2025-09-04T15:46:54.270Z  INFO 1 --- [user-service] [org.springframework.kafka.KafkaListenerEndpointContainer#0-0-C-1] c.w.u.kafka.UserCreatedConsumer          : Created new profile for userId 4
2025-09-04T15:50:53.200Z  INFO 1 --- [user-service] [http-nio-8082-exec-1] o.a.c.c.C.[Tomcat].[localhost].[/]       : Initializing Spring DispatcherServlet 'dispatcherServlet'
2025-09-04T15:50:53.204Z  INFO 1 --- [user-service] [http-nio-8082-exec-1] o.s.web.servlet.DispatcherServlet        : Initializing Servlet 'dispatcherServlet'
2025-09-04T15:50:53.213Z  INFO 1 --- [user-service] [http-nio-8082-exec-1] o.s.web.servlet.DispatcherServlet        : Completed initialization in 6 ms
2025-09-04T15:50:53.310Z  INFO 1 --- [user-service] [http-nio-8082-exec-1] c.w.userservice.security.JwtAuthFilter   : Incoming token: Bearer eyJhbGciOiJIUzI1NiJ9.eyJzdWIiOiJTdXNtaXRoYSIsImlhdCI6MTc1NzAwMDgxMywiZXhwIjoxNzU3MDM2ODEzfQ.KYKF_52BclH8abjfS_vUTAAO_b1lDojei3HupP5hApw
2025-09-04T15:50:53.342Z ERROR 1 --- [user-service] [http-nio-8082-exec-1] c.w.userservice.security.JwtUtil         : Invalid JWT token: Cannot invoke "String.getBytes()" because "this.secret" is null
2025-09-04T15:50:53.344Z  WARN 1 --- [user-service] [http-nio-8082-exec-1] c.w.userservice.security.JwtAuthFilter   : JWT validation failed
2025-09-04T16:47:29.154Z  INFO 1 --- [user-service] [org.springframework.kafka.KafkaListenerEndpointContainer#0-0-C-1] k.c.c.i.ConsumerRebalanceListenerInvoker : [Consumer clientId=consumer-user-service-1, groupId=user-service] Revoke previously assigned partitions user.identity-0
2025-09-04T16:47:29.211Z  INFO 1 --- [user-service] [org.springframework.kafka.KafkaListenerEndpointContainer#0-0-C-1] o.s.k.l.KafkaMessageListenerContainer    : user-service: partitions revoked: [user.identity-0]
2025-09-04T16:47:29.220Z  INFO 1 --- [user-service] [org.springframework.kafka.KafkaListenerEndpointContainer#0-0-C-1] o.a.k.c.c.internals.ConsumerCoordinator  : [Consumer clientId=consumer-user-service-1, groupId=user-service] Member consumer-user-service-1-e8e50e8a-3b89-4750-a568-cb66bcd7a8ac sending LeaveGroup request to coordinator redpanda:9092 (id: 2147483647 rack: null) due to the consumer unsubscribed from all topics
2025-09-04T16:47:29.233Z  INFO 1 --- [user-service] [org.springframework.kafka.KafkaListenerEndpointContainer#0-0-C-1] o.a.k.c.c.internals.ConsumerCoordinator  : [Consumer clientId=consumer-user-service-1, groupId=user-service] Resetting generation and member id due to: consumer pro-actively leaving the group
2025-09-04T16:47:29.238Z  INFO 1 --- [user-service] [org.springframework.kafka.KafkaListenerEndpointContainer#0-0-C-1] o.a.k.c.c.internals.ConsumerCoordinator  : [Consumer clientId=consumer-user-service-1, groupId=user-service] Request joining group due to: consumer pro-actively leaving the group
2025-09-04T16:47:29.239Z  INFO 1 --- [user-service] [org.springframework.kafka.KafkaListenerEndpointContainer#0-0-C-1] o.a.k.c.c.i.ClassicKafkaConsumer         : [Consumer clientId=consumer-user-service-1, groupId=user-service] Unsubscribed all topics or patterns and assigned partitions
2025-09-04T16:47:29.273Z  INFO 1 --- [user-service] [org.springframework.kafka.KafkaListenerEndpointContainer#0-0-C-1] o.a.k.c.c.internals.ConsumerCoordinator  : [Consumer clientId=consumer-user-service-1, groupId=user-service] Resetting generation and member id due to: consumer pro-actively leaving the group
2025-09-04T16:47:29.274Z  INFO 1 --- [user-service] [org.springframework.kafka.KafkaListenerEndpointContainer#0-0-C-1] o.a.k.c.c.internals.ConsumerCoordinator  : [Consumer clientId=consumer-user-service-1, groupId=user-service] Request joining group due to: consumer pro-actively leaving the group
2025-09-04T16:47:29.910Z  INFO 1 --- [user-service] [org.springframework.kafka.KafkaListenerEndpointContainer#0-0-C-1] o.apache.kafka.common.metrics.Metrics    : Metrics scheduler closed
2025-09-04T16:47:29.915Z  INFO 1 --- [user-service] [org.springframework.kafka.KafkaListenerEndpointContainer#0-0-C-1] o.apache.kafka.common.metrics.Metrics    : Closing reporter org.apache.kafka.common.metrics.JmxReporter
2025-09-04T16:47:29.926Z  INFO 1 --- [user-service] [org.springframework.kafka.KafkaListenerEndpointContainer#0-0-C-1] o.apache.kafka.common.metrics.Metrics    : Closing reporter org.apache.kafka.common.telemetry.internals.ClientTelemetryReporter
2025-09-04T16:47:29.933Z  INFO 1 --- [user-service] [org.springframework.kafka.KafkaListenerEndpointContainer#0-0-C-1] o.apache.kafka.common.metrics.Metrics    : Metrics reporters closed
2025-09-04T16:47:30.008Z  INFO 1 --- [user-service] [org.springframework.kafka.KafkaListenerEndpointContainer#0-0-C-1] o.a.kafka.common.utils.AppInfoParser     : App info kafka.consumer for consumer-user-service-1 unregistered
2025-09-04T16:47:30.027Z  INFO 1 --- [user-service] [org.springframework.kafka.KafkaListenerEndpointContainer#0-0-C-1] o.s.k.l.KafkaMessageListenerContainer    : user-service: Consumer stopped
2025-09-04T16:47:30.064Z  INFO 1 --- [user-service] [SpringApplicationShutdownHook] o.s.b.w.e.tomcat.GracefulShutdown        : Commencing graceful shutdown. Waiting for active requests to complete
2025-09-04T16:47:30.146Z  INFO 1 --- [user-service] [tomcat-shutdown] o.s.b.w.e.tomcat.GracefulShutdown        : Graceful shutdown complete
2025-09-04T16:47:30.224Z  INFO 1 --- [user-service] [SpringApplicationShutdownHook] j.LocalContainerEntityManagerFactoryBean : Closing JPA EntityManagerFactory for persistence unit 'default'
2025-09-04T16:47:30.296Z  INFO 1 --- [user-service] [SpringApplicationShutdownHook] com.zaxxer.hikari.HikariDataSource       : HikariPool-1 - Shutdown initiated...
2025-09-04T16:47:30.331Z  INFO 1 --- [user-service] [SpringApplicationShutdownHook] com.zaxxer.hikari.HikariDataSource       : HikariPool-1 - Shutdown completed.
